assists,bonus,bps,clean_sheets,creativity,element_code,end_cost,goals_conceded,goals_scored,ict_index,influence,minutes,own_goals,penalties_missed,penalties_saved,red_cards,saves,season_name,start_cost,threat,total_points,yellow_cards
0,0,0,0,0.0,63426,40,0,0,0.0,0.0,0,0,0,0,0,0,2011/12,40,0.0,0,0
0,0,0,1,0.0,63426,38,10,0,0.0,0.0,470,0,0,0,0,0,2012/13,40,0.0,12,1
0,0,0,0,0.0,63426,40,0,0,0.0,0.0,0,0,0,0,0,0,2013/14,40,0.0,0,0
4,8,639,13,554.5,63426,52,39,2,153.5,641.0,3345,0,0,0,0,0,2019/20,50,338.0,142,7
1,2,361,4,294.5,63426,50,54,0,93.6,443.4,2700,0,0,0,0,0,2020/21,55,198.0,56,6
