assists,bonus,bps,clean_sheets,creativity,element_code,end_cost,expected_assists,expected_goal_involvements,expected_goals,expected_goals_conceded,goals_conceded,goals_scored,ict_index,influence,minutes,own_goals,penalties_missed,penalties_saved,red_cards,saves,season_name,start_cost,starts,threat,total_points,yellow_cards
0,1,279,4,0.0,48615,47,0.00,0.00,0.00,0.00,25,1,0.0,0.0,1662,0,0,0,0,0,2015/16,50,0,0.0,42,7
4,6,513,9,533.0,48615,50,0.00,0.00,0.00,0.00,62,1,135.4,482.0,2956,0,1,0,1,0,2016/17,50,0,343.0,84,11
0,0,156,3,76.1,48615,47,0.00,0.00,0.00,0.00,13,1,29.2,146.0,959,0,0,0,0,0,2017/18,50,0,69.0,27,4
1,0,225,7,188.8,48615,49,0.00,0.00,0.00,0.00,39,0,58.9,230.6,1999,0,0,0,0,0,2018/19,50,0,170.0,48,10
