assists,bonus,bps,clean_sheets,creativity,element,expected_assists,expected_goal_involvements,expected_goals,expected_goals_conceded,fixture,goals_conceded,goals_scored,ict_index,influence,kickoff_time,minutes,opponent_team,own_goals,penalties_missed,penalties_saved,red_cards,round,saves,selected,starts,team_a_score,team_h_score,threat,total_points,transfers_balance,transfers_in,transfers_out,value,was_home,yellow_cards
0,0,4,0,0.8,714,0.01,0.26,0.26,2.61,213,1,0,1.3,3.2,2023-02-04T15:00:00Z,90,5,0,0,0,0,22,0,730,1,0,1,9.0,2,645,705,60,50,False,0
0,0,3,0,0.0,714,0.00,0.00,0.00,0.10,222,0,0,0.1,1.0,2023-02-11T17:30:00Z,11,15,0,0,0,0,23,0,1591,0,1,1,0.0,1,697,845,148,50,True,0
0,0,1,0,10.8,714,0.01,0.01,0.00,0.23,240,0,0,1.3,1.8,2023-02-18T15:00:00Z,32,20,0,0,0,0,24,0,1737,0,1,0,0.0,1,66,351,285,50,False,0
0,0,0,0,0.0,714,0.00,0.00,0.00,0.00,241,0,0,0.0,0.0,2023-02-25T17:30:00Z,0,13,0,0,0,0,25,0,2512,0,4,1,0.0,0,307,672,365,50,True,0
0,0,7,0,1.3,714,0.00,0.00,0.00,1.80,251,1,0,0.9,7.4,2023-03-04T15:00:00Z,63,1,0,0,0,0,26,0,2396,1,2,3,0.0,2,152,483,331,50,False,0
0,0,3,0,1.0,714,0.00,0.03,0.03,0.08,261,0,0,0.5,0.2,2023-03-11T12:30:00Z,2,12,0,0,0,0,27,0,2655,0,0,1,4.0,1,151,646,495,50,True,0
