assists,bonus,bps,clean_sheets,creativity,ea_index,element_code,end_cost,goals_conceded,goals_scored,ict_index,id,influence,minutes,own_goals,penalties_missed,penalties_saved,red_cards,saves,season,season_name,start_cost,threat,total_points,yellow_cards
4,13,593,9,0.0,510,55459,56,47,2,0.0,5618,0.0,3420,0,0,0,0,0,9,2014/15,55,0.0,129,5
4,12,655,11,0.0,514,55459,58,50,2,0.0,6327,0.0,3314,0,0,0,0,0,10,2015/16,55,0.0,133,1
2,1,334,5,284.7,0,55459,51,35,0,71.2,7041,307.6,2115,0,0,0,1,0,11,2016/17,55,121.0,60,2
7,10,613,10,562.7,0,55459,49,60,1,145.0,7717,690.2,3069,0,0,0,0,0,12,2017/18,50,193.0,118,7
