assists,bonus,bps,clean_sheets,creativity,element_code,end_cost,expected_assists,expected_goal_involvements,expected_goals,expected_goals_conceded,goals_conceded,goals_scored,ict_index,influence,minutes,own_goals,penalties_missed,penalties_saved,red_cards,saves,season_name,start_cost,starts,threat,total_points,yellow_cards
0,5,568,6,0.0,80201,49,0.00,0.00,0.00,0.00,42,0,80.5,807.2,2835,0,0,0,0,105,2018/19,50,0,0.0,106,0
0,10,591,7,0.0,80201,48,0.00,0.00,0.00,0.00,39,0,84.1,843.2,2649,0,0,1,0,113,2019/20,50,0,0.0,114,2
0,11,625,11,0.0,80201,50,0.00,0.00,0.00,0.00,37,0,70.3,702.2,3131,1,0,1,1,86,2020/21,50,0,2.0,131,0
0,0,69,1,0.0,80201,45,0.00,0.00,0.00,0.00,9,0,8.5,85.0,360,0,0,0,0,10,2021/22,50,0,0.0,10,0
