assists,bonus,bps,clean_sheets,creativity,element,fixture,goals_conceded,goals_scored,ict_index,influence,kickoff_time,minutes,opponent_team,own_goals,penalties_missed,penalties_saved,red_cards,round,saves,selected,team_a_score,team_h_score,threat,total_points,transfers_balance,transfers_in,transfers_out,value,was_home,yellow_cards
0,0,0,0,0.0,694,329,0,0,0.0,0.0,2021-05-01T14:00:00Z,0,3,0,0,0,0,34,0,0,0,2,0.0,0,0,0,0,40,False,0
0,0,0,0,0.0,694,342,0,0,0.0,0.0,2021-05-08T11:30:00Z,0,17,0,0,0,0,35,0,80,1,3,0.0,0,36,48,12,40,True,0
0,0,0,0,0.0,694,350,0,0,0.0,0.0,2021-05-15T11:30:00Z,0,4,0,0,0,0,36,0,126,4,0,0.0,0,8,29,21,40,False,0
0,0,0,0,0.0,694,366,0,0,0.0,0.0,2021-05-18T17:00:00Z,0,16,0,0,0,0,37,0,155,2,0,0.0,0,4,33,29,40,False,0
0,0,0,0,0.0,694,372,0,0,0.0,0.0,2021-05-23T15:00:00Z,0,18,0,0,0,0,38,0,201,1,3,0.0,0,18,50,32,40,True,0
