assists,bonus,bps,clean_sheets,creativity,element_code,end_cost,expected_assists,expected_goal_involvements,expected_goals,expected_goals_conceded,goals_conceded,goals_scored,ict_index,influence,minutes,own_goals,penalties_missed,penalties_saved,red_cards,saves,season_name,start_cost,starts,threat,total_points,yellow_cards
2,2,268,9,154.6,120250,54,0.00,0.00,0.00,0.00,28,1,63.1,268.4,1977,0,0,0,0,0,2018/19,55,0,207.0,64,7
1,3,184,5,179.4,120250,52,0.00,0.00,0.00,0.00,20,0,36.4,156.6,1457,0,0,0,0,0,2019/20,55,0,33.0,39,6
1,0,224,5,244.5,120250,53,0.00,0.00,0.00,0.00,22,0,53.0,189.0,1559,0,0,0,0,0,2020/21,55,0,103.0,48,3
1,0,47,0,85.2,120250,49,0.00,0.00,0.00,0.00,19,0,30.6,84.0,614,0,0,0,0,0,2021/22,50,0,136.0,18,3
