assists,bonus,bps,clean_sheets,creativity,element_code,end_cost,goals_conceded,goals_scored,ict_index,influence,minutes,own_goals,penalties_missed,penalties_saved,red_cards,saves,season_name,start_cost,threat,total_points,yellow_cards
0,0,0,0,0.0,40564,50,0,0,0.0,0.0,0,0,0,0,0,0,2008/09,50,0.0,0,0
0,0,0,0,0.0,40564,45,0,0,0.0,0.0,14,0,0,0,0,0,2009/10,45,0.0,1,0
0,0,0,0,0.0,40564,50,0,0,0.0,0.0,0,0,0,0,0,0,2010/11,50,0.0,0,0
0,0,0,0,0.0,40564,55,3,0,0.0,0.0,28,0,0,0,0,0,2011/12,55,0.0,1,1
0,0,0,0,0.0,40564,49,0,0,0.0,0.0,0,0,0,0,0,0,2012/13,50,0.0,0,0
