assists,bonus,bps,clean_sheets,creativity,ea_index,element_code,end_cost,goals_conceded,goals_scored,ict_index,id,influence,minutes,own_goals,penalties_missed,penalties_saved,red_cards,saves,season,season_name,start_cost,threat,total_points,yellow_cards
0,12,81,1,0.0,164,104547,48,17,7,0.0,5275,0.0,892,0,0,0,0,0,8,2013/14,50,0.0,69,1
2,8,225,2,0.0,213,104547,45,18,5,0.0,5992,0.0,1096,0,0,0,0,0,9,2014/15,55,0.0,67,1
1,4,117,4,0.0,136,104547,51,12,3,0.0,6705,0.0,771,0,0,0,1,0,10,2015/16,55,0.0,37,1
3,8,276,6,333.6,0,104547,61,31,6,148.7,8094,352.0,1946,0,0,0,0,0,12,2017/18,65,808.0,94,3
