assists,bonus,bps,clean_sheets,creativity,ea_index,element_code,end_cost,goals_conceded,goals_scored,ict_index,id,influence,minutes,own_goals,penalties_missed,penalties_saved,red_cards,saves,season,season_name,start_cost,threat,total_points,yellow_cards
3,12,452,6,0.0,346,93264,46,37,2,0.0,5630,0.0,2293,0,0,0,0,0,9,2014/15,50,0.0,93,4
2,3,676,12,0.0,526,93264,54,35,3,0.0,6280,0.0,3263,0,0,0,0,0,10,2015/16,50,0.0,130,10
0,4,505,16,223.8,0,93264,50,24,2,120.7,7271,663.6,3043,0,0,0,0,0,11,2016/17,55,315.0,93,6
2,2,477,15,293.4,0,93264,47,30,0,118.6,7942,604.2,2822,0,0,0,0,0,12,2017/18,50,289.0,85,4
