assists,bonus,bps,clean_sheets,creativity,ea_index,element_code,end_cost,goals_conceded,goals_scored,ict_index,id,influence,minutes,own_goals,penalties_missed,penalties_saved,red_cards,saves,season,season_name,start_cost,threat,total_points,yellow_cards
0,0,0,0,0.0,0,60689,40,0,0,0.0,1881,0.0,17,0,0,0,0,0,3,2008/09,40,0.0,2,0
0,0,0,0,0.0,0,60689,41,0,0,0.0,3190,0.0,9,0,0,0,0,0,5,2010/11,45,0.0,1,0
0,0,26,0,0.0,15,60689,43,3,1,0.0,6004,0.0,114,0,0,0,0,0,9,2014/15,45,0.0,11,0
1,20,314,10,203.5,0,60689,62,11,10,133.8,8125,442.0,1621,0,0,0,0,0,12,2017/18,65,692.0,104,1
