assists,bonus,bps,clean_sheets,creativity,element,expected_assists,expected_goal_involvements,expected_goals,expected_goals_conceded,fixture,goals_conceded,goals_scored,ict_index,influence,kickoff_time,minutes,opponent_team,own_goals,penalties_missed,penalties_saved,red_cards,round,saves,selected,starts,team_a_score,team_h_score,threat,total_points,transfers_balance,transfers_in,transfers_out,value,was_home,yellow_cards
0,0,3,0,0.0,734,0.00,0.00,0.00,0.02,218,0,0,0.2,2.0,2023-02-05T14:00:00Z,1,11,0,0,0,0,22,0,52,0,0,1,0.0,1,48,50,2,50,True,0
0,0,3,0,0.1,734,0.00,0.00,0.00,0.38,224,1,0,0.2,2.2,2023-02-11T15:00:00Z,27,9,0,0,0,0,23,0,288,0,0,2,0.0,1,185,231,46,50,False,0
0,0,6,0,0.4,734,0.00,0.00,0.00,1.31,238,0,0,0.5,4.2,2023-02-18T15:00:00Z,32,13,0,0,0,0,24,0,363,0,1,1,0.0,1,29,101,72,50,True,0
0,0,1,0,0.7,734,0.00,0.15,0.15,1.80,250,4,0,1.4,2.2,2023-02-25T15:00:00Z,23,19,0,0,0,0,25,0,636,0,0,4,11.0,1,88,186,98,50,False,0
0,0,1,0,0.3,734,0.00,0.06,0.06,0.00,258,0,0,2.3,3.2,2023-03-05T14:00:00Z,19,8,0,0,0,0,26,0,536,0,2,2,19.0,1,-7,71,78,50,True,0
0,0,-7,0,1.3,734,0.01,0.79,0.79,0.85,269,1,0,2.4,3.4,2023-03-11T15:00:00Z,45,18,0,1,0,0,27,0,575,0,1,3,19.0,-1,-21,73,94,50,False,0
