assists,bonus,bps,clean_sheets,creativity,ea_index,element_code,end_cost,goals_conceded,goals_scored,ict_index,id,influence,minutes,own_goals,penalties_missed,penalties_saved,red_cards,saves,season,season_name,start_cost,threat,total_points,yellow_cards
0,0,0,0,0.0,0,98745,45,0,0,0.0,4970,0.0,0,0,0,0,0,0,8,2013/14,45,0.0,0,0
1,5,372,7,0.0,302,98745,48,15,2,0.0,5458,0.0,1563,0,0,0,0,0,9,2014/15,45,0.0,77,5
6,18,871,18,0.0,541,98745,65,33,1,0.0,6169,0.0,3240,0,0,0,0,0,10,2015/16,55,0.0,172,3
5,12,569,10,508.3,0,98745,65,34,1,133.8,6894,437.6,2503,0,0,0,0,0,11,2016/17,65,395.0,119,4
4,11,656,12,561.0,0,98745,59,44,2,160.1,7572,554.0,3050,0,0,0,0,0,12,2017/18,60,484.0,132,5
