assists,bonus,bps,clean_sheets,creativity,element_code,end_cost,goals_conceded,goals_scored,ict_index,influence,minutes,own_goals,penalties_missed,penalties_saved,red_cards,saves,season_name,start_cost,threat,total_points,yellow_cards
0,9,541,7,62.0,149266,46,45,4,104.2,678.0,2430,2,0,0,0,0,2016/17,45,302.0,94,1
1,7,662,9,86.4,149266,51,56,2,119.4,848.4,3420,0,0,0,0,0,2017/18,50,254.0,112,3
0,2,174,1,23.2,149266,47,26,0,31.3,259.2,1130,0,0,0,0,0,2018/19,50,31.0,19,2
0,0,0,0,0.0,149266,43,0,0,0.0,0.0,0,0,0,0,0,0,2020/21,45,0.0,0,0
