assists,bonus,bps,clean_sheets,creativity,element_code,end_cost,goals_conceded,goals_scored,ict_index,influence,minutes,own_goals,penalties_missed,penalties_saved,red_cards,saves,season_name,start_cost,threat,total_points,yellow_cards
0,8,597,13,74.8,173904,60,21,0,76.2,598.0,2532,1,0,0,1,0,2017/18,60,89.0,107,1
2,4,412,6,60.3,173904,58,22,1,70.0,454.2,1941,0,0,0,0,0,2018/19,60,183.0,78,2
2,4,443,4,31.0,173904,53,37,0,66.5,550.0,2431,0,0,0,0,0,2019/20,55,82.0,64,6
0,3,256,4,20.0,173904,52,22,0,45.5,319.2,1486,1,0,0,0,0,2020/21,55,114.0,43,1
