assists,bonus,bps,clean_sheets,creativity,element,fixture,goals_conceded,goals_scored,ict_index,influence,kickoff_time,minutes,opponent_team,own_goals,penalties_missed,penalties_saved,red_cards,round,saves,selected,team_a_score,team_h_score,threat,total_points,transfers_balance,transfers_in,transfers_out,value,was_home,yellow_cards
0,0,0,0,0.0,693,322,0,0,0.0,0.0,2021-04-25T13:00:00Z,0,13,0,0,0,0,33,0,0,0,0,0.0,0,0,0,0,45,True,0
0,0,0,0,0.0,693,329,0,0,0.0,0.0,2021-05-01T14:00:00Z,0,3,0,0,0,0,34,0,23,0,2,0.0,0,19,23,4,45,False,0
0,0,0,0,0.0,693,342,0,0,0.0,0.0,2021-05-08T11:30:00Z,0,17,0,0,0,0,35,0,54,1,3,0.0,0,25,50,25,45,True,0
0,0,0,0,0.0,693,350,0,0,0.0,0.0,2021-05-15T11:30:00Z,0,4,0,0,0,0,36,0,67,4,0,0.0,0,-3,39,42,44,False,0
0,0,0,0,0.0,693,366,0,0,0.0,0.0,2021-05-18T17:00:00Z,0,16,0,0,0,0,37,0,69,2,0,0.0,0,13,41,28,44,False,0
0,0,0,0,0.0,693,372,0,0,0.0,0.0,2021-05-23T15:00:00Z,0,18,0,0,0,0,38,0,113,1,3,0.0,0,37,66,29,44,True,0
