assists,bonus,bps,clean_sheets,creativity,ea_index,element_code,end_cost,goals_conceded,goals_scored,ict_index,id,influence,minutes,own_goals,penalties_missed,penalties_saved,red_cards,saves,season,season_name,start_cost,threat,total_points,yellow_cards
0,0,0,0,0.0,0,154976,45,0,0,0.0,4564,0.0,0,0,0,0,0,0,7,2012/13,45,0.0,0,0
5,3,66,7,0.0,353,154976,45,18,4,0.0,5190,0.0,1645,0,0,0,0,0,8,2013/14,50,0.0,82,7
1,0,87,2,0.0,105,154976,61,10,0,0.0,5801,0.0,856,0,0,0,0,0,9,2014/15,65,0.0,31,0
0,0,32,1,0.0,33,154976,55,1,1,0.0,6496,0.0,145,0,0,0,0,0,10,2015/16,55,0.0,11,1
3,0,158,3,470.8,0,154976,53,38,0,106.4,7218,226.2,1628,0,0,0,1,0,11,2016/17,55,364.0,49,3
