assists,bonus,bps,clean_sheets,creativity,element_code,end_cost,goals_conceded,goals_scored,ict_index,influence,minutes,own_goals,penalties_missed,penalties_saved,red_cards,saves,season_name,start_cost,threat,total_points,yellow_cards
0,0,0,0,0.0,94147,40,0,0,0.0,0.0,0,0,0,0,0,0,2010/11,40,0.0,0,0
0,0,0,0,0.0,94147,40,0,0,0.0,0.0,3,0,0,0,0,0,2012/13,40,0.0,1,0
0,0,0,0,0.0,94147,39,0,0,0.0,0.0,0,0,0,0,0,0,2013/14,40,0.0,0,0
0,0,0,0,0.0,94147,40,0,0,0.0,0.0,0,0,0,0,0,0,2014/15,40,0.0,0,0
0,6,585,9,26.2,94147,45,46,0,61.8,593.2,3420,3,0,0,0,0,2018/19,45,0.0,94,5
