assists,bonus,bps,clean_sheets,creativity,element_code,end_cost,goals_conceded,goals_scored,ict_index,influence,minutes,own_goals,penalties_missed,penalties_saved,red_cards,saves,season_name,start_cost,threat,total_points,yellow_cards
0,1,46,0,10.0,177815,45,7,1,14.1,53.2,347,0,0,0,0,0,2016/17,45,82.0,17,1
8,3,255,6,322.6,177815,49,28,4,130.2,354.0,1871,0,0,0,0,0,2017/18,50,630.0,88,4
5,3,267,8,185.7,177815,54,26,6,111.5,321.8,1769,0,0,0,0,0,2018/19,55,618.0,92,3
1,15,385,8,241.4,177815,61,43,13,206.3,562.8,2621,0,0,0,0,0,2019/20,60,1272.0,126,9
6,21,528,11,308.0,177815,75,39,16,249.0,745.8,2871,0,0,0,0,0,2020/21,70,1439.0,165,3
