assists,bonus,bps,clean_sheets,creativity,element_code,end_cost,expected_assists,expected_goal_involvements,expected_goals,expected_goals_conceded,goals_conceded,goals_scored,ict_index,influence,minutes,own_goals,penalties_missed,penalties_saved,red_cards,saves,season_name,start_cost,starts,threat,total_points,yellow_cards
16,36,0,0,0.0,14937,122,0.00,0.00,0.00,0.00,20,17,0.0,0.0,2783,0,1,0,0,0,2006/07,100,0,0.0,244,2
7,35,0,0,0.0,14937,137,0.00,0.00,0.00,0.00,17,31,0.0,0.0,2746,0,1,0,1,0,2007/08,120,0,0.0,283,5
6,23,0,0,0.0,14937,142,0.00,0.00,0.00,0.00,20,18,0.0,0.0,2742,0,0,0,1,0,2008/09,140,0,0.0,206,5
3,29,608,8,421.9,14937,122,0.00,0.00,0.00,0.00,41,18,274.6,800.4,2454,0,0,0,0,0,2021/22,125,0,1535.0,159,8
