assists,bonus,bps,clean_sheets,creativity,element_code,end_cost,goals_conceded,goals_scored,ict_index,influence,minutes,own_goals,penalties_missed,penalties_saved,red_cards,saves,season_name,start_cost,threat,total_points,yellow_cards
0,0,0,0,0.0,214590,45,0,0,0.0,0.0,0,0,0,0,0,0,2016/17,45,0.0,0,0
0,0,116,2,60.0,214590,45,10,0,26.8,207.2,627,0,0,0,0,0,2017/18,45,2.0,15,1
3,18,672,12,266.8,214590,46,47,0,127.1,863.4,3134,0,0,0,1,0,2018/19,40,139.0,120,4
4,16,659,12,443.3,214590,55,33,0,132.8,749.2,3070,0,0,0,0,0,2019/20,55,133.0,127,8
5,11,729,13,498.2,214590,58,36,2,144.1,785.4,3060,0,0,0,0,0,2020/21,55,159.0,144,3
