assists,bonus,bps,clean_sheets,creativity,element,fixture,goals_conceded,goals_scored,ict_index,influence,kickoff_time,minutes,opponent_team,own_goals,penalties_missed,penalties_saved,red_cards,round,saves,selected,team_a_score,team_h_score,threat,total_points,transfers_balance,transfers_in,transfers_out,value,was_home,yellow_cards
0,0,0,0,0.0,655,329,0,0,0.0,0.0,2020-07-06T19:00:00Z,0,8,0,0,0,0,42,0,0,0,1,0.0,0,0,0,0,40,True,0
0,0,0,0,0.0,655,333,0,0,0.0,0.0,2020-07-09T17:00:00Z,0,3,0,0,0,0,43,0,83,0,0,0.0,0,45,49,4,40,False,0
0,0,0,0,0.0,655,348,0,0,0.0,0.0,2020-07-12T15:30:00Z,0,1,0,0,0,0,44,0,328,1,2,0.0,0,125,153,28,40,True,0
0,0,0,0,0.0,655,358,0,0,0.0,0.0,2020-07-15T17:00:00Z,0,13,0,0,0,0,45,0,475,3,1,0.0,0,35,103,68,40,False,0
0,0,0,0,0.0,655,368,0,0,0.0,0.0,2020-07-19T15:00:00Z,0,9,0,0,0,0,46,0,578,0,3,0.0,0,51,104,53,40,True,0
0,0,0,0,0.0,655,374,0,0,0.0,0.0,2020-07-26T15:00:00Z,0,7,0,0,0,0,47,0,858,1,1,0.0,0,105,192,87,40,False,0
