assists,bonus,bps,clean_sheets,creativity,element_code,end_cost,goals_conceded,goals_scored,ict_index,influence,minutes,own_goals,penalties_missed,penalties_saved,red_cards,saves,season_name,start_cost,threat,total_points,yellow_cards
0,0,2,0,0.0,156689,50,0,0,0.0,0.0,14,0,0,0,0,0,2014/15,50,0.0,1,0
0,0,16,0,0.0,156689,45,2,0,0.0,0.0,84,0,0,0,0,0,2015/16,50,0.0,3,2
0,0,0,0,0.0,156689,44,0,0,0.0,0.0,0,0,0,0,0,0,2016/17,45,0.0,0,0
0,0,0,0,0.0,156689,49,0,0,0.0,0.0,0,0,0,0,0,0,2017/18,50,0.0,0,0
1,2,115,1,139.5,156689,45,13,1,33.8,132.8,590,0,0,0,0,0,2018/19,50,67.0,27,5
