assists,bonus,bps,clean_sheets,creativity,element_code,end_cost,goals_conceded,goals_scored,ict_index,influence,minutes,own_goals,penalties_missed,penalties_saved,red_cards,saves,season_name,start_cost,threat,total_points,yellow_cards
0,0,0,0,0.0,18867,49,1,0,0.0,0.0,20,0,0,0,0,0,2012/13,50,0.0,2,0
0,0,0,0,0.0,18867,43,0,0,0.0,0.0,0,0,0,0,0,0,2013/14,45,0.0,0,0
0,0,0,0,0.0,18867,45,0,0,0.0,0.0,0,0,0,0,0,0,2014/15,45,0.0,0,0
2,9,159,4,186.2,18867,52,10,3,69.9,175.4,1037,0,0,0,1,0,2019/20,60,348.0,57,1
0,6,101,0,68.1,18867,55,15,3,34.9,121.2,725,0,0,0,0,0,2020/21,60,162.0,39,1
