assists,bonus,bps,clean_sheets,creativity,element_code,end_cost,expected_assists,expected_goal_involvements,expected_goals,expected_goals_conceded,goals_conceded,goals_scored,ict_index,influence,minutes,own_goals,penalties_missed,penalties_saved,red_cards,saves,season_name,start_cost,starts,threat,total_points,yellow_cards
0,0,0,0,0.0,209289,45,0.00,0.00,0.00,0.00,0,0,0.0,0.0,0,0,0,0,0,0,2018/19,45,0,0.0,0,0
0,0,13,1,6.3,209289,43,0.00,0.00,0.00,0.00,0,0,1.6,9.8,96,0,0,0,0,0,2019/20,45,0,0.0,4,0
5,3,308,9,385.1,209289,42,0.00,0.00,0.00,0.00,10,2,88.1,273.2,1438,0,0,0,0,0,2020/21,45,0,222.0,74,0
2,9,435,8,453.3,209289,57,0.00,0.00,0.00,0.00,28,10,158.4,555.8,1909,0,0,0,0,0,2021/22,55,0,576.0,125,1
