assists,bonus,bps,clean_sheets,creativity,ea_index,element_code,end_cost,goals_conceded,goals_scored,ict_index,id,influence,minutes,own_goals,penalties_missed,penalties_saved,red_cards,saves,season,season_name,start_cost,threat,total_points,yellow_cards
0,0,0,0,0.0,0,94147,40,0,0,0.0,2949,0.0,0,0,0,0,0,0,5,2010/11,40,0.0,0,0
0,0,0,0,0.0,0,94147,40,0,0,0.0,4274,0.0,3,0,0,0,0,0,7,2012/13,40,0.0,1,0
0,0,0,0,0.0,0,94147,39,0,0,0.0,4832,0.0,0,0,0,0,0,0,8,2013/14,40,0.0,0,0
0,0,0,0,0.0,0,94147,40,0,0,0.0,5519,0.0,0,0,0,0,0,0,9,2014/15,40,0.0,0,0
