assists,bonus,bps,clean_sheets,creativity,element,expected_assists,expected_goal_involvements,expected_goals,expected_goals_conceded,fixture,goals_conceded,goals_scored,ict_index,influence,kickoff_time,minutes,opponent_team,own_goals,penalties_missed,penalties_saved,red_cards,round,saves,selected,starts,team_a_score,team_h_score,threat,total_points,transfers_balance,transfers_in,transfers_out,value,was_home,yellow_cards
0,0,0,0,0.0,713,0.00,0.00,0.00,0.00,219,0,0,0.0,0.0,2023-02-05T16:30:00Z,0,13,0,0,0,0,22,0,2283,0,0,1,0.0,0,2068,2308,240,65,True,0
0,0,6,0,14.8,713,0.02,0.02,0.00,0.13,226,1,0,2.1,6.0,2023-02-11T15:00:00Z,11,10,0,0,0,0,23,0,3502,0,1,4,0.0,1,1065,1788,723,65,False,0
0,0,0,0,0.0,713,0.00,0.00,0.00,0.00,239,0,0,0.0,0.0,2023-02-19T16:30:00Z,0,19,0,0,0,0,24,0,3471,0,0,2,0.0,0,-185,691,876,65,True,0
0,0,0,0,0.0,713,0.00,0.00,0.00,0.00,249,0,0,0.0,0.0,2023-02-26T13:30:00Z,0,6,0,0,0,0,25,0,3337,0,0,2,0.0,0,-247,469,716,64,True,0
0,0,0,0,0.0,713,0.00,0.00,0.00,0.00,260,0,0,0.0,0.0,2023-03-04T15:00:00Z,0,20,0,0,0,0,26,0,3126,0,0,1,0.0,0,-351,344,695,63,False,0
0,0,0,0,0.0,713,0.00,0.00,0.00,0.00,269,0,0,0.0,0.0,2023-03-11T15:00:00Z,0,16,0,0,0,0,27,0,3021,0,1,3,0.0,0,-265,308,573,63,True,0
