assists,bonus,bps,clean_sheets,creativity,element_code,end_cost,expected_assists,expected_goal_involvements,expected_goals,expected_goals_conceded,goals_conceded,goals_scored,ict_index,influence,minutes,own_goals,penalties_missed,penalties_saved,red_cards,saves,season_name,start_cost,starts,threat,total_points,yellow_cards
0,0,0,0,0.0,200617,45,0.00,0.00,0.00,0.00,0,0,0.0,0.0,0,0,0,0,0,0,2016/17,45,0,0.0,0,0
6,2,308,7,428.1,200617,57,0.00,0.00,0.00,0.00,29,3,146.0,415.2,2281,0,0,0,0,0,2019/20,60,0,622.0,95,4
1,1,145,4,145.7,200617,62,0.00,0.00,0.00,0.00,7,3,61.5,186.0,907,0,0,0,0,0,2020/21,65,0,285.0,43,3
5,2,221,5,348.1,200617,60,0.00,0.00,0.00,0.00,51,4,148.1,336.4,2489,0,0,0,1,0,2021/22,60,0,810.0,91,7
