assists,bonus,bps,clean_sheets,creativity,element_code,end_cost,goals_conceded,goals_scored,ict_index,influence,minutes,own_goals,penalties_missed,penalties_saved,red_cards,saves,season_name,start_cost,threat,total_points,yellow_cards
2,0,48,0,0.0,159533,52,8,0,0.0,0.0,193,0,0,0,0,0,2015/16,60,0.0,15,1
1,2,264,6,320.5,159533,48,22,0,77.9,283.2,1543,0,0,0,0,0,2016/17,50,176.0,52,1
1,2,182,1,271.3,159533,51,13,1,75.8,223.4,884,0,0,0,0,0,2018/19,55,265.0,44,1
9,14,522,7,786.4,159533,56,33,4,209.7,727.2,2599,0,0,0,0,0,2019/20,50,583.0,130,1
4,5,359,7,751.0,159533,60,41,2,187.2,475.4,2640,0,0,0,0,0,2020/21,65,645.0,94,4
