assists,bonus,bps,clean_sheets,creativity,element_code,end_cost,goals_conceded,goals_scored,ict_index,influence,minutes,own_goals,penalties_missed,penalties_saved,red_cards,saves,season_name,start_cost,threat,total_points,yellow_cards
0,0,0,0,0.0,180804,40,0,0,0.0,0.0,0,0,0,0,0,0,2015/16,40,0.0,0,0
0,0,69,2,27.7,180804,40,4,0,7.8,32.6,303,0,0,0,0,0,2016/17,40,18.0,14,0
0,0,3,0,0.0,180804,39,0,0,0.0,0.0,1,0,0,0,0,0,2017/18,40,0.0,1,0
0,0,30,0,6.2,180804,44,3,0,2.4,17.6,187,0,0,0,0,0,2019/20,45,0.0,7,0
0,0,59,0,6.0,180804,41,8,0,10.0,95.0,402,1,0,0,0,0,2020/21,45,0.0,7,2
