assists,bonus,bps,clean_sheets,creativity,element_code,end_cost,goals_conceded,goals_scored,ict_index,influence,minutes,own_goals,penalties_missed,penalties_saved,red_cards,saves,season_name,start_cost,threat,total_points,yellow_cards
0,0,6,0,0.0,199598,45,1,0,0.7,7.4,10,0,0,0,0,0,2017/18,45,0.0,1,0
0,0,0,0,0.0,199598,44,0,0,0.0,0.0,0,0,0,0,0,0,2018/19,45,0.0,0,0
0,0,0,0,0.0,199598,43,0,0,0.0,0.0,0,0,0,0,0,0,2019/20,45,0.0,0,0
0,4,341,2,189.6,199598,43,41,0,70.1,458.0,2087,1,0,0,0,0,2020/21,45,51.0,44,3
