assists,bonus,bps,clean_sheets,creativity,element_code,end_cost,goals_conceded,goals_scored,ict_index,influence,minutes,own_goals,penalties_missed,penalties_saved,red_cards,saves,season_name,start_cost,threat,total_points,yellow_cards
5,11,543,10,566.0,59966,103,28,14,258.0,725.6,2197,0,0,0,0,0,2017/18,105,1291.0,138,1
12,20,560,6,482.4,59966,94,31,13,260.6,808.0,2497,0,0,0,0,0,2018/19,95,1319.0,166,2
7,16,387,5,337.7,59966,92,25,10,173.8,536.4,1867,0,0,0,0,0,2019/20,95,861.0,118,8
3,21,452,7,307.4,59966,84,21,13,170.4,602.4,1916,0,0,0,0,0,2020/21,85,797.0,129,3
