assists,bonus,bps,clean_sheets,creativity,element_code,end_cost,expected_assists,expected_goal_involvements,expected_goals,expected_goals_conceded,goals_conceded,goals_scored,ict_index,influence,minutes,own_goals,penalties_missed,penalties_saved,red_cards,saves,season_name,start_cost,starts,threat,total_points,yellow_cards
1,1,96,2,0.0,110504,54,0.00,0.00,0.00,0.00,2,2,0.0,0.0,375,0,0,0,0,0,2015/16,55,0,0.0,28,0
0,0,0,0,0.0,110504,54,0.00,0.00,0.00,0.00,0,0,0.0,0.0,0,0,0,0,0,0,2016/17,55,0,0.0,0,0
7,7,407,11,530.6,110504,58,0.00,0.00,0.00,0.00,31,7,197.6,528.4,2315,0,0,0,0,0,2020/21,60,0,917.0,135,1
1,0,41,0,10.6,110504,57,0.00,0.00,0.00,0.00,3,0,11.8,21.0,212,0,0,0,0,0,2021/22,60,0,90.0,13,0
