assists,bonus,bps,clean_sheets,creativity,element_code,end_cost,expected_assists,expected_goal_involvements,expected_goals,expected_goals_conceded,goals_conceded,goals_scored,ict_index,influence,minutes,own_goals,penalties_missed,penalties_saved,red_cards,saves,season_name,start_cost,starts,threat,total_points,yellow_cards
0,0,10,0,1.9,205533,50,0.00,0.00,0.00,0.00,1,0,2.3,5.0,17,0,0,0,0,0,2017/18,50,0,17.0,3,0
0,1,36,0,14.7,205533,50,0.00,0.00,0.00,0.00,3,1,11.4,40.8,63,0,0,0,0,0,2018/19,50,0,59.0,10,0
0,1,66,3,67.0,205533,43,0.00,0.00,0.00,0.00,9,2,36.4,90.4,628,0,0,0,1,0,2019/20,45,0,210.0,25,0
1,5,120,1,97.3,205533,53,0.00,0.00,0.00,0.00,6,2,42.1,116.6,411,0,0,0,0,0,2020/21,60,0,211.0,36,0
1,6,194,0,165.2,205533,57,0.00,0.00,0.00,0.00,18,5,82.1,249.2,823,0,0,0,0,0,2021/22,55,0,408.0,55,3
