assists,bonus,bps,clean_sheets,creativity,element_code,end_cost,goals_conceded,goals_scored,ict_index,influence,minutes,own_goals,penalties_missed,penalties_saved,red_cards,saves,season_name,start_cost,threat,total_points,yellow_cards
0,0,0,0,0.0,80179,45,0,0,0.0,0.0,0,0,0,0,0,0,2009/10,45,0.0,0,0
0,0,0,0,0.0,80179,45,0,0,0.0,0.0,9,0,0,0,0,0,2010/11,45,0.0,1,0
0,0,0,0,0.0,80179,44,0,0,0.0,0.0,0,0,0,0,0,0,2011/12,45,0.0,0,0
0,0,0,0,0.0,80179,45,0,0,0.0,0.0,0,0,0,0,0,0,2012/13,45,0.0,0,0
2,3,401,9,511.6,80179,45,36,0,102.5,275.6,2695,0,0,0,0,0,2016/17,45,240.0,77,4
0,0,0,0,0.0,80179,48,0,0,0.0,0.0,0,0,0,0,0,0,2020/21,50,0.0,0,0
