assists,bonus,bps,clean_sheets,creativity,element_code,end_cost,goals_conceded,goals_scored,ict_index,influence,minutes,own_goals,penalties_missed,penalties_saved,red_cards,saves,season_name,start_cost,threat,total_points,yellow_cards
4,1,446,9,297.1,66242,53,50,0,108.9,535.8,3118,0,0,0,1,0,2017/18,55,255.0,87,2
1,3,351,4,279.1,66242,48,45,1,79.2,389.2,2546,0,0,0,0,0,2018/19,50,121.0,72,2
2,2,441,6,434.1,66242,48,46,1,122.5,522.2,2826,1,0,0,0,0,2019/20,50,271.0,78,4
0,0,38,0,5.1,66242,47,2,0,8.2,24.0,209,0,0,0,0,0,2020/21,50,52.0,9,0
