assists,bonus,bps,clean_sheets,creativity,element,expected_assists,expected_goal_involvements,expected_goals,expected_goals_conceded,fixture,goals_conceded,goals_scored,ict_index,influence,kickoff_time,minutes,opponent_team,own_goals,penalties_missed,penalties_saved,red_cards,round,saves,selected,starts,team_a_score,team_h_score,threat,total_points,transfers_balance,transfers_in,transfers_out,value,was_home,yellow_cards
0,0,0,0,0.0,717,0.00,0.00,0.00,0.00,220,0,0,0.0,0.0,2023-02-04T15:00:00Z,0,12,0,0,0,0,22,0,294,0,0,3,0.0,0,235,251,16,40,True,0
0,0,0,0,0.0,717,0.00,0.00,0.00,0.00,229,0,0,0.0,0.0,2023-02-11T15:00:00Z,0,17,0,0,0,0,23,0,724,0,2,1,0.0,0,298,356,58,40,False,0
0,0,0,0,0.0,717,0.00,0.00,0.00,0.00,240,0,0,0.0,0.0,2023-02-18T15:00:00Z,0,3,0,0,0,0,24,0,956,0,1,0,0.0,0,131,211,80,40,True,0
0,0,0,0,0.0,717,0.00,0.00,0.00,0.00,244,0,0,0.0,0.0,2023-02-24T20:00:00Z,0,9,0,0,0,0,25,0,2513,0,1,1,0.0,0,455,633,178,40,False,0
0,0,0,0,0.0,717,0.00,0.00,0.00,0.00,67,0,0,0.0,0.0,2023-03-01T20:00:00Z,0,12,0,0,0,0,25,0,2513,0,0,2,0.0,0,455,633,178,40,False,0
0,0,0,0,0.0,717,0.00,0.00,0.00,0.00,260,0,0,0.0,0.0,2023-03-04T15:00:00Z,0,18,0,0,0,0,26,0,1501,0,0,1,0.0,0,-68,138,206,40,True,0
0,0,0,0,0.0,717,0.00,0.00,0.00,0.00,268,0,0,0.0,0.0,2023-03-12T16:30:00Z,0,15,0,0,0,0,27,0,1643,0,1,2,0.0,0,40,156,116,40,False,0
