assists,bonus,bps,clean_sheets,creativity,ea_index,element_code,end_cost,goals_conceded,goals_scored,ict_index,id,influence,minutes,own_goals,penalties_missed,penalties_saved,red_cards,saves,season,season_name,start_cost,threat,total_points,yellow_cards
0,0,0,0,0.0,0,88900,39,0,0,0.0,4927,0.0,0,0,0,0,0,0,8,2013/14,40,0.0,0,0
0,0,0,0,0.0,0,88900,39,0,0,0.0,5564,0.0,0,0,0,0,0,0,9,2014/15,40,0.0,0,0
1,10,341,6,58.2,0,88900,42,24,0,46.6,7060,350.4,1471,0,0,0,0,0,11,2016/17,40,58.0,60,1
0,2,360,5,68.3,0,88900,45,33,2,79.9,7676,506.6,1980,0,0,0,1,0,12,2017/18,50,224.0,58,6
