assists,bonus,bps,clean_sheets,creativity,element_code,end_cost,goals_conceded,goals_scored,ict_index,influence,minutes,own_goals,penalties_missed,penalties_saved,red_cards,saves,season_name,start_cost,threat,total_points,yellow_cards
0,0,132,2,86.8,103914,42,12,0,27.5,184.2,949,0,0,0,0,0,2017/18,45,4.0,23,3
1,2,505,7,268.5,103914,44,64,0,94.9,649.4,3240,0,0,0,0,0,2018/19,45,30.0,82,2
1,5,375,10,243.0,103914,43,18,0,64.7,382.6,1944,0,0,0,0,0,2019/20,45,19.0,84,3
2,5,451,8,248.5,103914,44,42,0,79.5,494.4,2425,0,0,0,0,0,2020/21,45,52.0,83,1
