assists,bonus,bps,clean_sheets,creativity,element,expected_assists,expected_goal_involvements,expected_goals,expected_goals_conceded,fixture,goals_conceded,goals_scored,ict_index,influence,kickoff_time,minutes,opponent_team,own_goals,penalties_missed,penalties_saved,red_cards,round,saves,selected,starts,team_a_score,team_h_score,threat,total_points,transfers_balance,transfers_in,transfers_out,value,was_home,yellow_cards
0,0,0,0,0.0,706,0.00,0.00,0.00,0.00,202,0,0,0.0,0.0,2023-01-21T15:00:00Z,0,16,0,0,0,0,21,0,0,0,1,1,0.0,0,0,0,0,45,True,0
0,0,0,0,0.0,706,0.00,0.00,0.00,0.00,213,0,0,0.0,0.0,2023-02-04T15:00:00Z,0,5,0,0,0,0,22,0,382,0,0,1,0.0,0,206,251,45,45,False,0
0,0,0,0,0.0,706,0.00,0.00,0.00,0.00,222,0,0,0.0,0.0,2023-02-11T17:30:00Z,0,15,0,0,0,0,23,0,590,0,1,1,0.0,0,124,205,81,45,True,0
0,0,0,0,0.0,706,0.00,0.00,0.00,0.00,240,0,0,0.0,0.0,2023-02-18T15:00:00Z,0,20,0,0,0,0,24,0,750,0,1,0,0.0,0,84,176,92,45,False,0
0,0,0,0,0.0,706,0.00,0.00,0.00,0.00,241,0,0,0.0,0.0,2023-02-25T17:30:00Z,0,13,0,0,0,0,25,0,1107,0,4,1,0.0,0,112,278,166,45,True,0
0,0,0,0,0.0,706,0.00,0.00,0.00,0.00,251,0,0,0.0,0.0,2023-03-04T15:00:00Z,0,1,0,0,0,0,26,0,1270,0,2,3,0.0,0,221,367,146,45,False,0
0,0,0,0,0.0,706,0.00,0.00,0.00,0.00,261,0,0,0.0,0.0,2023-03-11T12:30:00Z,0,12,0,0,0,0,27,0,1317,0,0,1,0.0,0,-41,239,280,45,True,0
