assists,bonus,bps,clean_sheets,creativity,ea_index,element_code,end_cost,goals_conceded,goals_scored,ict_index,id,influence,minutes,own_goals,penalties_missed,penalties_saved,red_cards,saves,season,season_name,start_cost,threat,total_points,yellow_cards
8,14,617,8,0.0,388,52940,53,60,1,0.0,5619,0.0,3251,0,0,0,1,0,9,2014/15,50,0.0,118,7
4,6,527,4,0.0,404,52940,48,61,2,0.0,6259,0.0,2751,0,0,0,1,0,10,2015/16,50,0.0,79,5
1,0,261,2,222.3,0,52940,45,33,2,78.8,7073,309.4,1614,0,0,0,0,0,11,2016/17,50,254.0,50,2
1,3,342,2,230.6,0,52940,48,37,3,92.9,7706,445.0,1818,0,0,0,0,0,12,2017/18,50,253.0,59,3
