assists,bonus,bps,clean_sheets,creativity,ea_index,element_code,end_cost,goals_conceded,goals_scored,ict_index,id,influence,minutes,own_goals,penalties_missed,penalties_saved,red_cards,saves,season,season_name,start_cost,threat,total_points,yellow_cards
1,0,0,3,0.0,82,49688,42,23,0,0.0,4544,0.0,1295,0,0,0,0,0,7,2012/13,45,0.0,34,3
0,0,0,0,0.0,0,49688,45,0,0,0.0,5131,0.0,0,0,0,0,0,0,8,2013/14,45,0.0,0,0
0,0,0,0,0.0,0,49688,45,0,0,0.0,5868,0.0,0,0,0,0,0,0,9,2014/15,45,0.0,0,0
0,2,177,4,98.3,0,49688,41,30,1,39.1,7379,158.8,1273,0,0,0,0,0,11,2016/17,45,137.0,34,7
