assists,bonus,bps,clean_sheets,creativity,element_code,end_cost,goals_conceded,goals_scored,ict_index,influence,minutes,own_goals,penalties_missed,penalties_saved,red_cards,saves,season_name,start_cost,threat,total_points,yellow_cards
0,0,0,0,0.0,107265,40,0,0,0.0,0.0,0,0,0,0,0,0,2016/17,40,0.0,0,0
0,4,206,3,0.0,107265,43,18,0,23.8,239.2,1080,0,0,1,0,33,2018/19,45,0.0,47,0
0,3,166,2,0.0,107265,42,25,0,22.1,219.4,900,0,0,0,0,30,2019/20,45,0.0,29,0
0,0,0,0,0.0,107265,43,0,0,0.0,0.0,0,0,0,0,0,0,2020/21,45,0.0,0,0
