assists,bonus,bps,clean_sheets,creativity,element_code,end_cost,goals_conceded,goals_scored,ict_index,influence,minutes,own_goals,penalties_missed,penalties_saved,red_cards,saves,season_name,start_cost,threat,total_points,yellow_cards
3,6,377,7,0.0,55037,49,38,4,0.0,0.0,2657,0,0,0,0,0,2014/15,50,0.0,98,5
3,5,558,11,0.0,55037,52,45,5,0.0,0.0,3007,0,0,0,1,0,2015/16,55,0.0,110,5
1,3,438,9,147.4,55037,50,46,1,80.5,458.8,2723,0,0,0,0,0,2016/17,55,200.0,79,3
3,2,367,7,262.4,55037,50,56,2,106.1,480.0,2798,0,0,0,0,0,2017/18,50,320.0,86,5
3,0,251,9,198.5,55037,47,30,0,75.6,337.4,1889,0,0,0,0,0,2018/19,50,222.0,67,3
