assists,bonus,bps,clean_sheets,creativity,element_code,end_cost,goals_conceded,goals_scored,ict_index,influence,minutes,own_goals,penalties_missed,penalties_saved,red_cards,saves,season_name,start_cost,threat,total_points,yellow_cards
12,17,556,10,0.0,108823,59,21,10,0.0,0.0,2471,0,0,0,0,0,2015/16,50,0.0,166,7
11,17,679,17,778.7,108823,91,22,18,301.7,969.6,3036,0,0,0,0,0,2016/17,85,1270.0,225,4
13,12,565,16,878.5,108823,90,28,9,258.8,775.2,2957,0,0,0,0,0,2017/18,95,934.0,175,7
4,8,356,8,436.6,108823,88,21,5,158.5,467.2,1822,0,0,0,0,0,2018/19,90,681.0,94,4
