assists,bonus,bps,clean_sheets,creativity,element_code,end_cost,goals_conceded,goals_scored,ict_index,influence,minutes,own_goals,penalties_missed,penalties_saved,red_cards,saves,season_name,start_cost,threat,total_points,yellow_cards
4,5,49,7,0.0,94924,54,8,3,0.0,0.0,900,0,0,0,0,0,2013/14,60,0.0,60,1
9,3,349,3,0.0,94924,56,24,2,0.0,0.0,1383,0,0,0,0,0,2015/16,65,0.0,82,2
0,0,53,0,150.8,94924,59,6,0,32.0,54.6,460,0,0,0,0,0,2016/17,65,115.0,13,1
1,3,87,2,141.3,94924,55,3,1,35.8,92.4,433,0,0,0,0,0,2017/18,60,124.0,25,0
5,10,344,9,455.6,94924,57,29,10,185.6,549.2,2064,0,0,0,0,0,2018/19,55,856.0,133,3
