assists,bonus,bps,clean_sheets,creativity,element_code,end_cost,goals_conceded,goals_scored,ict_index,influence,minutes,own_goals,penalties_missed,penalties_saved,red_cards,saves,season_name,start_cost,threat,total_points,yellow_cards
6,21,492,14,0.0,148225,78,29,11,0.0,0.0,2632,0,0,0,0,0,2015/16,80,0.0,141,2
6,9,302,9,399.1,148225,92,13,4,136.2,382.8,1553,0,0,0,0,0,2016/17,95,579.0,95,2
6,7,403,9,509.3,148225,78,13,9,179.5,535.4,1572,0,0,0,0,0,2017/18,80,748.0,125,1
4,13,389,5,503.3,148225,72,25,10,178.9,532.8,1613,0,0,0,0,0,2018/19,75,755.0,122,2
