first_name,second_name,id
Bernd,Leno,1
Rúnar Alex,Rúnarsson,2
Willian,Borges Da Silva,3
Pierre-Emerick,Aubameyang,4
Cédric,Soares,5
Alexandre,Lacazette,6
Granit,Xhaka,7
Pablo,Marí,8
Héctor,Bellerín,9
Sead,Kolasinac,11
Mohamed Naser,El Sayed Elneny,12
Ainsley,Maitland-Niles,13
Rob,Holding,14
Thomas,Partey,15
Kieran,Tierney,16
Nicolas,Pépé,17
Lucas,Torreira,18
Edward,Nketiah,20
Emile,Smith Rowe,21
Bukayo,Saka,22
Gabriel,Magalhães,23
Konstantinos,Mavropanos,24
Mattéo,Guendouzi,25
Gabriel Teodoro,Martinelli Silva,26
William,Saliba,27
Ben,White,67
Nuno,Varela Tavares,466
Albert,Sambi Lokonga,478
Folarin,Balogun,530
Reiss,Nelson,531
Karl,Hein,532
Martin,Ødegaard,558
Aaron,Ramsdale,559
Arthur,Okonkwo,572
Takehiro,Tomiyasu,590
Charlie,Patino,664
Omari,Hutchinson,692
Salah-Eddine,Oulad M'hand,693
Mika,Biereth,694
Ryan,Alebiosu,695
Zach,Awe,705
Zak,Swanson,711
Mazeed,Ogungbo,719
Marcelo,Flores,720
Miguel,Azeez,721
Alex,Kirk,730
Calum,Chambers,10
Jed,Steer,28
Conor,Hourihane,29
Emiliano,Martínez,30
Björn,Engels,31
Bertrand,Traoré,32
Morgan,Sanson,34
John,McGinn,35
Kortney,Hause,36
Mahmoud Ahmed,Ibrahim Hassan,37
Tyrone,Mings,38
Ollie,Watkins,40
Marvelous,Nakamba,41
Emiliano,Buendía Stati,43
Matthew,Cash,44
Ezri,Konsa Ngoyo,45
Frédéric,Guilbert,46
Wesley,Moraes,47
Mbwana Ally,Samatta,48
Keinan,Davis,49
Douglas Luiz,Soares de Paulo,50
Jacob,Ramsey,51
Ashley,Young,52
Lucas,Digne,168
Danny,Ings,337
Leon,Bailey,492
Aaron,Ramsey,496
Jaden,Philogene-Bidace,497
Carney,Chukwuemeka,526
Cameron,Archer,568
Viljami,Sinisalo,596
Lamare,Bogarde,610
Tim,Iroegbunam,638
Filip,Marschall,650
Josh,Feeney,670
Philippe,Coutinho Correia,681
Kaine,Hayden,684
Robin,Olsen,691
Benjamin,Chrisene,703
Tommi,O'Reilly,713
Pontus,Jansson,76
Christian,Nørgaard,77
Ivan,Toney,78
Tariqe,Fosu-Henry,79
David,Raya Martin,80
Sergi,Canós,81
Pelenda Joshua,Dasilva,82
Rico,Henry,83
Vitaly,Janelt,84
Saman,Ghoddos,85
Mathias,Jensen,86
Charlie,Goode,87
Marcus,Forss,88
Mads,Roerslev Rasmussen,89
Mads,Bech Sørensen,90
Ethan,Pinnock,91
Ellery,Balcombe,92
Jan,Zamburek,93
Patrik,Gunnarsson,94
Halil,Dervişoğlu,95
Bryan,Mbeumo,96
Mads,Bidstrup,97
Frank,Onyeka,479
Kristoffer,Ajer,483
Dominic,Thompson,498
Shandon,Baptiste,499
Yoane,Wissa,524
Álvaro,Fernández,556
Finley,Stevens,569
Mathias,Jorgensen,594
Paris,Maghoma,614
Matthew,Cox,619
Maxwell,Haygarth,628
Nathan,Young-Coombes,640
Myles,Peart-Harris,662
Jonas,Lössl,673
Christian,Eriksen,699
Julian,Jeanvier,722
Adam,Lallana,53
Jason,Steele,54
Pascal,Groß,55
Shane,Duffy,56
Davy,Pröpper,57
Lewis,Dunk,59
Solomon,March,60
Adam,Webster,61
Joël,Veltman,62
Neal,Maupay,63
Leandro,Trossard,64
Mathew,Ryan,65
Alireza,Jahanbakhsh,66
Bernardo,Fernandes Da Silva Junior,68
Robert,Sánchez,69
Yves,Bissouma,70
Tariq,Lamptey,71
Aaron,Connolly,72
Steven,Alzate,73
Alexis,Mac Allister,74
Jakub,Moder,75
Danny,Welbeck,447
Enock,Mwepu,462
Kjell,Scherpen,476
Florin,Andone,500
Andi,Zeqiri,535
Michal,Karbownik,536
Taylor,Richards,537
Moisés,Caicedo,538
Haydon,Roberts,560
Marc,Cucurella,584
Jürgen,Locadia,595
Jeremy,Sarmiento,612
Ed,Turns,653
Marc,Leonard,654
Evan,Ferguson,655
Thomas,McGill,688
Odeluga,Offiah,712
James,Tarkowski,98
Phil,Bardsley,99
Erik,Pieters,100
Jack,Cork,101
Dale,Stephens,102
Kevin,Long,103
Jay,Rodriguez,104
Ashley,Barnes,105
Ben,Mee,106
Ashley,Westwood,107
Johann Berg,Gudmundsson,108
Matthew,Lowton,110
Matej,Vydra,111
Nick,Pope,112
Charlie,Taylor,113
Will,Norris,114
Josh,Brownhill,115
Josh,Benson,116
Bailey,Peacock-Farrell,117
Dwight,McNeil,118
Nathan,Collins,451
Wayne,Hennessey,480
Lewis,Richardson,533
Bobby,Thomas,534
Owen,Dodgson,565
Aaron,Lennon,575
Maxwel,Cornet,578
Connor,Roberts,585
Wout,Weghorst,700
Sam,Waller,708
Dara,Costelloe,726
Joseph,McGlynn,735
Anthony,Mancini,736
César,Azpilicueta,119
Olivier,Giroud,120
Thiago,Emiliano da Silva,121
Marcos,Alonso,122
Jorge Luiz,Frello Filho,123
Ross,Barkley,124
Mateo,Kovacic,125
Michy,Batshuayi,126
Antonio,Rüdiger,127
Kepa,Arrizabalaga,129
N'Golo,Kanté,130
Hakim,Ziyech,131
Ruben,Loftus-Cheek,132
Andreas,Christensen,133
Timo,Werner,134
Benjamin,Chilwell,135
Tammy,Abraham,136
Christian,Pulisic,137
Mason,Mount,138
Ethan,Ampadu,139
Callum,Hudson-Odoi,140
Kai,Havertz,141
Reece,James,142
Edouard,Mendy,143
Malang,Sarr,501
Trevoh,Chalobah,527
Romelu,Lukaku,529
Emerson,Palmieri dos Santos,539
Saúl,Ñíguez,592
Marcus,Bettinelli,606
Lewis,Hall,671
Harvey,Vale,672
Robert Kenedy,Nunes do Nascimento,690
Conor,Gallagher,144
Vicente,Guaita,146
James,Tomkins,147
James,McArthur,148
Christian,Benteke,149
Cheikhou,Kouyaté,150
Martin,Kelly,151
Luka,Milivojevic,152
Jordan,Ayew,153
Wilfried,Zaha,154
Jeffrey,Schlupp,155
Jack,Butland,156
Jairo,Riedewald,157
Jarosław,Jach,158
Jean-Philippe,Mateta,159
Eberechi,Eze,160
Nathan,Ferguson,161
Tyrick,Mitchell,162
Will,Hughes,386
Michael,Olise,464
Joel,Ward,474
Marc,Guéhi,477
Joachim,Andersen,488
Nathaniel,Clyne,493
Reece,Hannam,540
Jesurun,Rak-Sakyi,541
Robert,Street,542
Scott,Banks,543
Remi,Matthews,561
Odsonne,Edouard,586
Tayo,Adaramola,709
Anwar,El Ghazi,42
Fabian,Delph,163
Gylfi,Sigurdsson,164
Seamus,Coleman,165
James,Rodríguez,166
Bernard,Anício Caldeira Duarte,167
Michael,Keane,169
Jordan,Pickford,170
Allan,Marques Loureiro,171
André Filipe,Tavares Gomes,172
Abdoulaye,Doucouré,173
Alex,Iwobi,174
Yerry,Mina,175
Tom,Davies,176
Dominic,Calvert-Lewin,177
Mason,Holgate,178
Ben,Godfrey,179
Richarlison,de Andrade,180
João,Virgínia,181
Donny,van de Beek,282
Bamidele,Alli,363
Asmir,Begović,481
Andros,Townsend,482
Demarai,Gray,484
Jonjoe,Kenny,502
Anthony,Gordon,503
Jean-Philippe,Gbamin,504
Jarrad,Branthwaite,544
Nathan,Broadhead,545
Moise,Kean,564
Niels,Nkounkou,570
Andy,Lonergan,571
Salomón,Rondón,591
Ellis,Simms,602
Lewis,Dobbin,607
Charlie,Whitaker,613
Harry,Tyrer,616
Cenk,Tosun,622
Reece,Welch,623
Tyler,Onyango,630
Nathan,Patterson,674
Vitalii,Mykolenko,675
Isaac,Price,718
Kasper,Schmeichel,200
Jonny,Evans,201
Marc,Albrighton,202
Nampalys,Mendy,203
Danny,Ward,204
Jamie,Vardy,205
Dennis,Praet,206
Ricardo Domingos,Barbosa Pereira,207
Daniel,Amartey,208
Timothy,Castagne,209
Youri,Tielemans,210
Ayoze,Pérez,211
James,Maddison,212
Kelechi,Iheanacho,213
Hamza,Choudhury,214
Harvey,Barnes,215
Wilfred,Ndidi,216
Çaglar,Söyüncü,217
James,Justin,218
Luke,Thomas,219
Wesley,Fofana,220
Jannik,Vestergaard,340
Patson,Daka,455
Boubakary,Soumaré,458
Ryan,Bertrand,473
Kiernan,Dewsbury-Hall,505
Eldin,Jakupovic,573
Ademola,Lookman,587
Vontae,Daley-Campbell,639
Ben,Nelson,645
Lewis,Brunt,646
Kasey,McAteer,647
Pablo,Hernández Domínguez,182
Francisco,Casilla Cortés,183
Liam,Cooper,184
Luke,Ayling,185
Mateusz,Klich,186
Rodrigo,Moreno,187
Stuart,Dallas,188
Patrick,Bamford,189
Diego,Llorente,190
Kalvin,Phillips,191
Hélder Wander,Sousa de Azevedo e Costa,192
Tyler,Roberts,193
Robin,Koch,194
Ian Carlo,Poveda-Ocampo,195
Raphael,Dias Belloli,196
Jamie,Shackleton,197
Pascal,Struijk,198
Illan,Meslier,199
Jack,Harrison,267
Daniel,James,287
Héctor Junior,Firpo Adames,463
Kristoffer,Klaesson,490
Sam,Greenwood,550
Crysencio,Summerville,551
Adam,Forshaw,552
Cody,Drameh,562
Charlie,Cresswell,563
Liam,McCarron,576
Joe,Gelhardt,577
Nohan,Kenneh,600
Stuart,McKinstry,601
Leo Fuhr,Hjelde,608
Lewis,Bate,624
Jack,Jenkins,631
Kris,Moore,657
Archie,Gray,658
James,Milner,221
Jordan,Henderson,222
Adrián,San Miguel del Castillo,223
Joel,Matip,224
Thiago,Alcántara do Nascimento,225
Xherdan,Shaqiri,226
Alex,Oxlade-Chamberlain,227
Roberto,Firmino,228
Virgil,van Dijk,229
Sadio,Mané,230
Alisson,Ramses Becker,231
Fabio Henrique,Tavares,232
Mohamed,Salah,233
Andrew,Robertson,234
Divock,Origi,235
Takumi,Minamino,236
Trent,Alexander-Arnold,237
Joseph,Gomez,238
Naby,Keita,239
Diogo,Jota,240
Nathaniel,Phillips,241
Caoimhin,Kelleher,242
Ibrahima,Konaté,243
Curtis,Jones,244
Konstantinos,Tsimikas,245
Neco,Williams,246
Rhys,Williams,247
Ben,Davies,248
Harvey,Elliott,506
Ben,Woodburn,553
Tyler,Morton,620
Kaide,Gordon,625
Conor,Bradley,626
Owen,Beck,627
Marcelo,de Araújo Pitaluga Filho,656
Jarell,Quansah,660
Luis,Díaz,696
Jack,Grealish,33
Kyle,Walker,249
Ilkay,Gündogan,250
Kevin,De Bruyne,251
John,Stones,252
Benjamin,Mendy,253
Riyad,Mahrez,254
Raheem,Sterling,255
João Pedro Cavaco,Cancelo,256
Ederson,Santana de Moraes,257
Nathan,Aké,258
Aymeric,Laporte,259
Zack,Steffen,260
Bernardo Mota,Veiga de Carvalho e Silva,261
Rúben Santos,Gato Alves Dias,262
Gabriel Fernando,de Jesus,263
Oleksandr,Zinchenko,264
Phil,Foden,265
Rodrigo,Hernandez,266
Ferran,Torres,268
Fernando,Luiz Rosa,453
Cole,Palmer,507
Samuel,Edozie,508
Tommy,Doyle,566
Scott,Carson,593
Luke,Mbete,603
Joshua,Wilson-Esbrand,604
Romeo,Lavia,605
Cieran,Slicker,615
James,McAtee,629
Conrad,Egan-Riley,651
Kayky da Silva,Chagas,663
Liam,Delap,704
Edinson,Cavani,269
David,de Gea,270
Nemanja,Matic,271
Paul,Pogba,272
Harry,Maguire,273
Frederico,Rodrigues de Paula Santos,274
Luke,Shaw,275
Jesse,Lingard,276
Bruno Miguel,Borges Fernandes,277
Anthony,Martial,278
Alex Nicolao,Telles,279
Dean,Henderson,280
Marcus,Rashford,281
Axel,Tuanzebe,283
Victor,Lindelöf,284
Scott,McTominay,285
Eric,Bailly,286
Aaron,Wan-Bissaka,288
Mason,Greenwood,289
Juan,Mata,459
Jadon,Sancho,485
Tom,Heaton,509
José Diogo,Dalot Teixeira,510
Andreas,Pereira,511
Anthony,Elanga,512
Raphaël,Varane,555
Cristiano Ronaldo,dos Santos Aveiro,579
Phil,Jones,632
Amad,Diallo,636
Hannibal,Mejbri,706
Alejandro,Garnacho Ferreyra,723
Shola,Shoretire,727
Álvaro,Fernández,728
Charlie,Savage,737
Joseph,Willock,19
Matt,Targett,39
Dan,Burn,58
Chris,Wood,109
Jonjo,Shelvey,291
Matt,Ritchie,292
Ciaran,Clark,293
Karl,Darlow,294
Martin,Dubravka,295
Callum,Wilson,296
Jeff,Hendrick,297
Ryan,Fraser,298
Jamaal,Lascelles,299
Dwight,Gayle,300
Paul,Dummett,301
Javier,Manquillo,302
Emil,Krafth,303
Jacob,Murphy,304
Fabian,Schär,305
Isaac,Hayden,306
Allan,Saint-Maximin,307
Miguel,Almirón,308
Sean,Longstaff,309
Joelinton Cássio,Apolinário de Lira,310
Jamal,Lewis,311
Matthew,Longstaff,312
Federico,Fernández,465
Freddie,Woodman,513
Mark,Gillespie,514
Joe,White,599
Elliot,Anderson,609
Kieran,Trippier,678
Bruno,Guimarães Rodriguez Moura,697
Lucas,De Bolle,707
Billy,Gilmour,145
Brandon,Williams,290
Michael,McGovern,313
Tim,Krul,314
Teemu,Pukki,315
Marco,Stiepermann,316
Lukas,Rupp,317
Kenny,McLean,318
Grant,Hanley,319
Onel,Hernández,320
Sam,Byram,321
Jordan,Hugill,322
Kieran,Dowell,323
Christoph,Zimmermann,324
Todd,Cantwell,325
Max,Aarons,326
Jacob,Sørensen,327
Przemyslaw,Placheta,328
Adam,Idah,329
Josh,Martin,330
Andrew,Omobamidele,331
Angus,Gunn,448
Milot,Rashica,449
Ben,Gibson,456
Dimitris,Giannoulis,457
Pierre,Lees-Melou,471
Bali,Mumba,515
Joshua,Sargent,516
Christos,Tzolis,528
Ozan,Kabak,580
Mathias,Normann,581
Jonathan,Tomkinson,643
Jonathan,Rowe,648
Thomas,Dickson-Peters,649
Jon,McCracken,666
Liam,Gibbs,683
Abu,Kamara,715
Tony,Springett,716
Theo,Walcott,332
Fraser,Forster,333
Alex,McCarthy,334
Oriol,Romeu Vidal,335
Nathan,Redmond,336
Jack,Stephens,338
Stuart,Armstrong,339
James,Ward-Prowse,341
Kyle,Walker-Peters,342
Jan,Bednarek,343
Daniel,N'Lundulu,344
Che,Adams,345
Nathan,Tella,346
William,Smallbone,347
Michael,Obafemi,348
Ibrahima,Diallo,349
Moussa,Djenepo,350
Mohammed,Salisu,351
Romain,Perraud,460
Tino,Livramento,491
Mohamed,Elyounoussi,517
Armando,Broja,518
Shane,Long,519
Adam,Armstrong,525
Yan,Valery,546
Lyanco Evangelista,Silveira Neves Vojnovic,567
Harry,Lewis,637
Willy,Caballero,641
Dynel,Simeu,665
Thierry,Small,667
Kgaogelo,Chauke,680
Tyler,Dibling,731
Joe,Hart,352
Hugo,Lloris,353
Toby,Alderweireld,355
Erik,Lamela,356
Harry,Kane,357
Serge,Aurier,358
Heung-Min,Son,359
Matt,Doherty,360
Eric,Dier,361
Lucas,Rodrigues Moura da Silva,362
Ben,Davies,364
Pierre-Emile,Højbjerg,365
Harry,Winks,366
Davinson,Sánchez,367
Ryan,Sessegnon,368
Steven,Bergwijn,369
Sergio,Reguilón,370
Japhet,Tanganga,371
Giovani,Lo Celso,372
Oliver,Skipp,373
Joe,Rodon,374
Tanguy,Ndombele,375
Pierluigi,Gollini,486
Bryan,Gil Salvatierra,487
Cristian,Romero,494
Dane,Scarlett,520
Emerson Aparecido,Leite de Souza Junior,588
Dilan,Markanday,597
Tobi,Omole,598
Brandon,Austin,659
Harvey,White,668
Dejan,Kulusevski,701
Rodrigo,Bentancur,702
Alfie,Devine,714
Jamie,Bowden,717
Marcel,Lavinier,724
Matthew,Craig,729
Moussa,Sissoko,354
Ben,Foster,376
Danny,Rose,377
Dan,Gosling,378
Craig,Cathcart,379
Troy,Deeney,380
Tom,Cleverley,381
Francisco,Femenía Far,382
Andre,Gray,383
Christian,Kabasele,384
Nathaniel,Chalobah,385
William,Troost-Ekong,387
Stipe,Perica,388
Daniel,Bachmann,389
Adam,Masina,390
Ken,Sema,391
Philip,Zinckernagel,392
Isaac,Success Ajayi,393
Ayotomiwa,Dele-Bashiru,394
Ashley,Fletcher,395
Francisco,Sierralta,396
Domingos,Quina,397
Marc,Navarro,398
Ismaila,Sarr,399
Jeremy,Ngakia,400
Ben,Wilmot,401
Joseph,Hungbo,402
Imrân,Louza,403
João Pedro,Junqueira de Jesus,404
Kwadwo,Baah,405
Emmanuel,Dennis,450
Matthew,Pollock,454
Oghenekaro Peter,Etebo,467
Joshua,King,468
Adedapo,Awokoya-Mebude,469
Juan Camilo,Hernández Suárez,472
Juraj,Kucka,495
Ozan,Tufan,557
Robert,Elliot,574
Nicolas,Nkoulou,618
James,Morris,633
Vincent,Angelini,642
Kamil,Conteh,669
Hassane,Kamara,676
Samir,Caetano de Souza Santos,677
Edo,Kayembe,679
Samuel,Kalu,698
Shaqai,Forde,725
Tiago,Çukur,732
Adrian,Blake,733
Jack,Grieves,734
Kurt,Zouma,128
Mark,Noble,406
Darren,Randolph,407
Lukasz,Fabianski,408
Angelo,Ogbonna,409
Winston,Reid,410
Aaron,Cresswell,411
Andriy,Yarmolenko,412
Michail,Antonio,413
Craig,Dawson,414
Ryan,Fredericks,415
Manuel,Lanzini,416
Arthur,Masuaku,417
Vladimir,Coufal,418
Saïd,Benrahma,419
Jarrod,Bowen,420
Declan,Rice,421
Tomas,Soucek,422
Pablo,Fornals,423
Issa,Diop,424
Ben,Johnson,425
Alphonse,Areola,489
Frederik,Alves,521
Conor,Coventry,522
Jamal,Baptiste,554
Nikola,Vlasic,582
Alex,Kral,589
Harrison,Ashby,617
Sonny,Perkins,634
Ajibola,Alese,644
Armstrong,Oko-Flex,652
Pierre,Ekwah,682
Daniel,Chesters,710
João Filipe Iria,Santos Moutinho,426
Rui Pedro,dos Santos Patrício,427
Willy,Boly,428
Conor,Coady,429
Raúl,Jiménez,430
Romain,Saïss,431
Fernando,Marçal,432
Jonathan,Castro Otto,433
Leander,Dendoncker,434
Adama,Traoré,435
Rúben Diogo,da Silva Neves,436
Nélson,Cabral Semedo,437
Daniel,Castelo Podence,438
Max,Kilman,439
Morgan,Gibbs-White,440
Pedro,Lomba Neto,441
Owen,Otasowie,442
Ki-Jana,Hoever,443
Andreas,Söndergaard,444
Fabio,Silva,445
Yerson,Mosquera Valdelamar,446
John,Ruddy,452
Francisco,Machado Mota de Castro Trincão,461
Rayan,Ait Nouri,470
José,Malheiro de Sá,475
Patrick,Cutrone,523
Luke,Cundle,547
Chem,Campbell,548
Christian,Marques,549
Hee-Chan,Hwang,583
Louie,Moulden,611
James,Storer,621
Hugo,Bueno,635
Bruno André,Cavaco Jordão,661
Toti António,Gomes,685
Dion,Sanderson,686
Ryan,Giles,687
Francisco Jorge,Tomás Oliveira,689
