assists,bonus,bps,clean_sheets,creativity,element_code,end_cost,goals_conceded,goals_scored,ict_index,influence,minutes,own_goals,penalties_missed,penalties_saved,red_cards,saves,season_name,start_cost,threat,total_points,yellow_cards
3,8,576,10,848.8,74471,52,52,4,195.2,753.2,3066,0,0,0,0,0,2017/18,55,350.0,113,4
1,5,411,3,725.2,74471,50,48,3,159.7,510.8,2326,0,0,0,0,0,2018/19,55,359.0,76,4
2,9,337,6,614.9,74471,47,33,2,134.0,436.6,2079,0,0,0,1,0,2019/20,50,291.0,80,1
0,0,0,0,0.0,74471,50,0,0,0.0,0.0,0,0,0,0,0,0,2020/21,50,0.0,0,0
