assists,bonus,bps,clean_sheets,creativity,element_code,end_cost,goals_conceded,goals_scored,ict_index,influence,minutes,own_goals,penalties_missed,penalties_saved,red_cards,saves,season_name,start_cost,threat,total_points,yellow_cards
1,0,68,1,28.7,109533,52,4,0,13.8,61.8,278,0,0,0,0,0,2017/18,55,48.0,14,0
0,1,130,2,113.8,109533,52,11,0,30.0,104.6,660,0,0,0,0,0,2018/19,55,81.0,22,0
0,0,181,1,298.7,109533,54,21,0,73.2,207.8,1022,0,0,0,0,0,2019/20,55,225.0,19,3
0,0,24,1,7.7,109533,47,0,0,2.7,17.4,88,0,0,0,0,0,2020/21,50,2.0,7,0
