assists,bonus,bps,clean_sheets,creativity,ea_index,element_code,end_cost,goals_conceded,goals_scored,ict_index,id,influence,minutes,own_goals,penalties_missed,penalties_saved,red_cards,saves,season,season_name,start_cost,threat,total_points,yellow_cards
0,0,0,0,0.0,0,14927,45,3,0,0.0,618,0.0,181,0,0,0,0,1,1,2006/07,45,0.0,4,0
0,0,0,0,0.0,0,14927,38,14,0,0.0,1176,0.0,675,0,0,0,1,0,2,2007/08,45,0.0,11,1
0,2,0,0,0.0,0,14927,39,21,0,0.0,2614,0.0,895,0,0,0,0,0,4,2009/10,45,0.0,26,2
0,0,0,0,0.0,0,14927,39,0,0,0.0,3280,0.0,24,0,0,0,0,0,5,2010/11,40,0.0,1,1
