assists,bonus,bps,clean_sheets,creativity,element,fixture,goals_conceded,goals_scored,ict_index,influence,kickoff_time,minutes,opponent_team,own_goals,penalties_missed,penalties_saved,red_cards,round,saves,selected,team_a_score,team_h_score,threat,total_points,transfers_balance,transfers_in,transfers_out,value,was_home,yellow_cards
0,0,0,0,0.0,651,320,0,0,0.0,0.0,2020-07-01T19:15:00Z,0,6,0,0,0,0,41,0,0,2,3,0.0,0,0,0,0,45,True,0
0,0,0,0,0.0,651,326,0,0,0.0,0.0,2020-07-05T13:15:00Z,0,13,0,0,0,0,42,0,50,2,2,0.0,0,28,31,3,45,False,0
0,0,0,0,0.0,651,340,0,0,0.0,0.0,2020-07-08T17:00:00Z,0,5,0,0,0,0,43,0,67,1,0,0.0,0,11,23,12,45,True,0
0,0,0,0,0.0,651,346,0,0,0.0,0.0,2020-07-11T11:30:00Z,0,14,0,0,0,0,44,0,106,4,0,0.0,0,19,37,18,45,False,0
0,0,0,0,0.0,651,360,0,0,0.0,0.0,2020-07-17T19:00:00Z,0,18,0,0,0,0,45,0,123,1,3,0.0,0,6,23,17,45,True,0
0,0,0,0,0.0,651,365,0,0,0.0,0.0,2020-07-22T17:00:00Z,0,12,0,0,0,0,46,0,153,1,1,0.0,0,9,28,19,45,False,0
0,0,0,0,0.0,651,380,0,0,0.0,0.0,2020-07-26T15:00:00Z,0,2,0,0,0,0,47,0,209,1,1,0.0,0,35,52,17,45,True,0
