assists,bonus,bps,clean_sheets,creativity,element_code,end_cost,goals_conceded,goals_scored,ict_index,influence,minutes,own_goals,penalties_missed,penalties_saved,red_cards,saves,season_name,start_cost,threat,total_points,yellow_cards
1,1,96,2,139.3,102826,63,1,0,27.2,84.2,360,0,0,0,0,0,2017/18,65,48.0,20,2
6,6,262,4,222.7,102826,61,6,0,54.2,250.8,900,0,0,0,0,0,2018/19,60,70.0,59,1
2,3,378,9,403.2,102826,55,13,0,75.5,243.0,1491,0,0,0,0,0,2019/20,60,106.0,74,3
1,8,222,5,117.1,102826,59,10,2,38.4,179.8,951,0,0,0,0,0,2020/21,60,89.0,63,2
