assists,bonus,bps,clean_sheets,creativity,element_code,end_cost,goals_conceded,goals_scored,ict_index,influence,minutes,own_goals,penalties_missed,penalties_saved,red_cards,saves,season_name,start_cost,threat,total_points,yellow_cards
0,14,542,13,31.0,197365,55,15,0,61.2,481.2,2058,0,0,0,0,0,2016/17,55,98.0,105,4
0,3,248,7,28.4,197365,60,6,1,33.0,222.0,1000,1,0,0,0,0,2017/18,60,79.0,55,2
0,0,109,1,3.4,197365,50,13,0,16.5,125.0,636,0,0,0,1,0,2018/19,55,35.0,16,0
0,0,40,1,1.0,197365,47,1,0,3.3,32.0,148,0,0,0,0,0,2019/20,50,0.0,9,0
0,6,178,3,8.3,197365,48,17,0,21.1,175.6,915,0,0,0,0,0,2020/21,50,26.0,31,3
