assists,bonus,bps,clean_sheets,creativity,ea_index,element_code,end_cost,goals_conceded,goals_scored,ict_index,id,influence,minutes,own_goals,penalties_missed,penalties_saved,red_cards,saves,season,season_name,start_cost,threat,total_points,yellow_cards
0,0,0,0,0.0,0,95463,39,0,0,0.0,4758,0.0,0,0,0,0,0,0,8,2013/14,40,0.0,0,0
0,0,0,0,0.0,0,95463,40,0,0,0.0,5443,0.0,0,0,0,0,0,0,9,2014/15,40,0.0,0,0
0,0,34,0,0.0,23,95463,40,4,0,0.0,6159,0.0,180,0,0,0,0,9,10,2015/16,40,0.0,6,0
0,0,0,0,0.0,0,95463,44,0,0,0.0,7551,0.0,0,0,0,0,0,0,12,2017/18,45,0.0,0,0
