assists,bonus,bps,clean_sheets,creativity,element_code,end_cost,expected_assists,expected_goal_involvements,expected_goals,expected_goals_conceded,goals_conceded,goals_scored,ict_index,influence,minutes,own_goals,penalties_missed,penalties_saved,red_cards,saves,season_name,start_cost,starts,threat,total_points,yellow_cards
0,0,4,0,0.0,153366,43,0.00,0.00,0.00,0.00,0,0,0.0,0.0,12,0,0,0,0,0,2013/14,45,0,0.0,4,0
0,0,89,3,0.0,153366,43,0.00,0.00,0.00,0.00,3,0,0.0,0.0,460,0,0,0,0,0,2014/15,45,0,0.0,17,0
0,0,2,0,0.0,153366,42,0.00,0.00,0.00,0.00,0,0,0.0,0.0,11,0,0,0,0,0,2015/16,45,0,0.0,1,0
0,0,16,0,1.4,153366,43,0.00,0.00,0.00,0.00,1,0,1.3,11.0,64,0,0,0,0,0,2016/17,45,0,0.0,3,0
3,0,391,9,330.4,153366,44,0.00,0.00,0.00,0.00,35,0,83.5,421.2,2243,0,0,0,0,0,2020/21,45,0,82.0,69,5
