assists,bonus,bps,clean_sheets,creativity,ea_index,element_code,end_cost,goals_conceded,goals_scored,ict_index,id,influence,minutes,own_goals,penalties_missed,penalties_saved,red_cards,saves,season,season_name,start_cost,threat,total_points,yellow_cards
8,22,567,5,0.0,769,78356,61,65,18,0.0,6026,0.0,3065,0,2,0,1,0,9,2014/15,60,0.0,176,4
0,3,46,0,0.0,32,78356,63,2,1,0.0,6805,0.0,211,0,0,0,0,0,10,2015/16,70,0.0,15,0
1,10,218,6,134.3,0,78356,63,8,6,97.9,7442,274.2,934,0,0,0,0,0,11,2016/17,65,573.0,62,1
1,9,215,4,89.4,0,78356,58,15,7,107.7,8099,302.8,1024,0,0,0,0,0,12,2017/18,65,689.0,72,2
