assists,bonus,bps,clean_sheets,creativity,ea_index,element_code,end_cost,goals_conceded,goals_scored,ict_index,id,influence,minutes,own_goals,penalties_missed,penalties_saved,red_cards,saves,season,season_name,start_cost,threat,total_points,yellow_cards
0,2,126,3,0.0,76,38038,40,8,0,0.0,5398,0.0,720,0,0,0,0,19,9,2014/15,40,0.0,31,0
0,0,0,0,0.0,0,38038,39,0,0,0.0,6108,0.0,0,0,0,0,0,0,10,2015/16,40,0.0,0,0
0,0,0,0,0.0,0,38038,43,0,0,0.0,6873,0.0,0,0,0,0,0,0,11,2016/17,45,0.0,0,0
0,0,54,1,0.0,0,38038,43,7,0,5.1,7522,51.8,274,0,0,0,0,6,12,2017/18,45,0.0,9,0
