assists,bonus,bps,clean_sheets,creativity,element_code,end_cost,goals_conceded,goals_scored,ict_index,influence,minutes,own_goals,penalties_missed,penalties_saved,red_cards,saves,season_name,start_cost,threat,total_points,yellow_cards
0,3,366,6,0.0,33148,50,26,0,28.9,292.2,1968,0,0,1,0,33,2016/17,55,0.0,73,0
0,1,42,1,0.0,33148,45,1,0,4.5,45.2,224,0,0,0,0,4,2017/18,50,0.0,10,0
0,0,0,0,0.0,33148,48,0,0,0.0,0.0,0,0,0,0,0,0,2018/19,50,0.0,0,0
0,0,69,1,0.0,33148,47,7,0,5.8,57.8,346,0,0,0,0,8,2019/20,50,0.0,11,0
0,0,0,0,0.0,33148,45,0,0,0.0,0.0,0,0,0,0,0,0,2020/21,45,0.0,0,0
