assists,bonus,bps,clean_sheets,creativity,ea_index,element_code,end_cost,goals_conceded,goals_scored,ict_index,id,influence,minutes,own_goals,penalties_missed,penalties_saved,red_cards,saves,season,season_name,start_cost,threat,total_points,yellow_cards
4,5,49,7,0.0,319,94924,54,8,3,0.0,5282,0.0,900,0,0,0,0,0,8,2013/14,60,0.0,60,1
9,3,349,3,0.0,283,94924,56,24,2,0.0,6465,0.0,1383,0,0,0,0,0,10,2015/16,65,0.0,82,2
0,0,53,0,150.8,0,94924,59,6,0,32.0,7170,54.6,460,0,0,0,0,0,11,2016/17,65,115.0,13,1
1,3,87,2,141.3,0,94924,55,3,1,35.8,8039,92.4,433,0,0,0,0,0,12,2017/18,60,124.0,25,0
