assists,bonus,bps,clean_sheets,creativity,element_code,end_cost,goals_conceded,goals_scored,ict_index,influence,minutes,own_goals,penalties_missed,penalties_saved,red_cards,saves,season_name,start_cost,threat,total_points,yellow_cards
0,0,0,0,0.0,225321,40,0,0,0.0,0.0,0,0,0,0,0,0,2016/17,40,0.0,0,0
0,0,0,0,0.0,225321,40,0,0,0.0,0.0,0,0,0,0,0,0,2017/18,40,0.0,0,0
1,13,680,5,24.0,225321,44,62,0,99.7,973.8,3330,0,0,1,0,128,2019/20,45,0.0,126,0
0,12,685,5,20.0,225321,46,63,0,104.7,1023.0,3420,0,0,0,0,146,2020/21,50,4.0,123,1
