assists,bonus,bps,clean_sheets,creativity,element,expected_assists,expected_goal_involvements,expected_goals,expected_goals_conceded,fixture,goals_conceded,goals_scored,ict_index,influence,kickoff_time,minutes,opponent_team,own_goals,penalties_missed,penalties_saved,red_cards,round,saves,selected,starts,team_a_score,team_h_score,threat,total_points,transfers_balance,transfers_in,transfers_out,value,was_home,yellow_cards
0,0,6,0,11.4,703,0.01,0.04,0.03,0.45,202,0,0,2.7,15.0,2023-01-21T15:00:00Z,45,3,0,0,0,0,21,0,223,0,1,1,1.0,1,194,210,16,45,False,0
0,0,3,0,1.4,703,0.00,0.00,0.00,0.58,218,0,0,0.8,6.6,2023-02-05T14:00:00Z,45,11,0,0,0,0,22,0,508,1,0,1,0.0,0,218,326,108,45,True,1
0,0,0,0,0.0,703,0.00,0.00,0.00,0.00,224,0,0,0.0,0.0,2023-02-11T15:00:00Z,0,9,0,0,0,0,23,0,616,0,0,2,0.0,0,80,184,104,45,False,0
0,0,4,0,10.0,703,0.00,0.00,0.00,1.24,238,1,0,1.7,7.4,2023-02-18T15:00:00Z,57,13,0,0,0,0,24,0,624,1,1,1,0.0,1,-15,98,113,45,True,0
0,0,0,0,0.0,703,0.00,0.00,0.00,0.00,250,0,0,0.0,0.0,2023-02-25T15:00:00Z,0,19,0,0,0,0,25,0,896,0,0,4,0.0,0,122,231,109,45,False,0
0,0,0,0,0.0,703,0.00,0.00,0.00,0.00,258,0,0,0.0,0.0,2023-03-05T14:00:00Z,0,8,0,0,0,0,26,0,735,0,2,2,0.0,0,-52,63,115,45,True,0
0,0,0,0,0.0,703,0.00,0.00,0.00,0.00,269,0,0,0.0,0.0,2023-03-11T15:00:00Z,0,18,0,0,0,0,27,0,721,0,1,3,0.0,0,-51,62,113,45,False,0
