assists,bonus,bps,clean_sheets,creativity,element_code,end_cost,goals_conceded,goals_scored,ict_index,influence,minutes,own_goals,penalties_missed,penalties_saved,red_cards,saves,season_name,start_cost,threat,total_points,yellow_cards
0,0,3,0,0.0,433154,45,0,0,0.0,0.0,1,0,0,0,0,0,2017/18,45,0.0,1,0
4,6,305,5,442.8,433154,44,25,3,112.5,405.2,1590,0,0,0,0,0,2018/19,45,279.0,75,2
7,6,529,16,931.4,433154,60,48,2,200.6,644.2,3339,0,0,0,0,0,2019/20,60,430.0,123,5
5,8,493,11,790.3,433154,57,50,2,166.3,591.8,3068,0,0,0,0,0,2020/21,60,277.0,113,1
