assists,bonus,bps,clean_sheets,creativity,element,expected_assists,expected_goal_involvements,expected_goals,expected_goals_conceded,fixture,goals_conceded,goals_scored,ict_index,influence,kickoff_time,minutes,opponent_team,own_goals,penalties_missed,penalties_saved,red_cards,round,saves,selected,starts,team_a_score,team_h_score,threat,total_points,transfers_balance,transfers_in,transfers_out,value,was_home,yellow_cards
0,0,0,0,0.0,737,0.00,0.00,0.00,0.00,213,0,0,0.0,0.0,2023-02-04T15:00:00Z,0,5,0,0,0,0,22,0,0,0,0,1,0.0,0,0,0,0,40,False,0
0,0,0,0,0.0,737,0.00,0.00,0.00,0.00,222,0,0,0.0,0.0,2023-02-11T17:30:00Z,0,15,0,0,0,0,23,0,402,0,1,1,0.0,0,259,285,26,40,True,0
0,0,0,0,0.0,737,0.00,0.00,0.00,0.00,240,0,0,0.0,0.0,2023-02-18T15:00:00Z,0,20,0,0,0,0,24,0,682,0,1,0,0.0,0,152,234,82,40,False,0
0,0,0,0,0.0,737,0.00,0.00,0.00,0.00,241,0,0,0.0,0.0,2023-02-25T17:30:00Z,0,13,0,0,0,0,25,0,1385,0,4,1,0.0,0,236,380,144,40,True,0
0,0,0,0,0.0,737,0.00,0.00,0.00,0.00,251,0,0,0.0,0.0,2023-03-04T15:00:00Z,0,1,0,0,0,0,26,0,1452,0,2,3,0.0,0,267,375,108,40,False,0
0,0,0,0,0.0,737,0.00,0.00,0.00,0.00,261,0,0,0.0,0.0,2023-03-11T12:30:00Z,0,12,0,0,0,0,27,0,1695,0,0,1,0.0,0,107,339,232,40,True,0
