assists,bonus,bps,clean_sheets,creativity,ea_index,element_code,end_cost,goals_conceded,goals_scored,ict_index,id,influence,minutes,own_goals,penalties_missed,penalties_saved,red_cards,saves,season,season_name,start_cost,threat,total_points,yellow_cards
4,11,477,6,0.0,393,59846,72,23,6,0.0,5803,0.0,1870,0,0,0,0,0,9,2014/15,75,0.0,98,6
2,5,356,8,0.0,307,59846,65,15,3,0.0,6497,0.0,1534,0,0,0,0,0,10,2015/16,70,0.0,73,4
6,11,559,13,720.8,0,59846,62,18,1,159.2,7219,593.2,2465,0,0,0,1,0,11,2016/17,65,276.0,97,5
2,0,229,5,229.4,0,59846,50,14,0,62.7,7899,294.4,1257,0,0,0,0,0,12,2017/18,55,101.0,44,5
