assists,attempted_passes,big_chances_created,big_chances_missed,bonus,bps,clean_sheets,clearances_blocks_interceptions,completed_passes,creativity,dribbles,ea_index,element,errors_leading_to_goal,errors_leading_to_goal_attempt,fixture,fouls,goals_conceded,goals_scored,ict_index,id,influence,key_passes,kickoff_time,kickoff_time_formatted,loaned_in,loaned_out,minutes,offside,open_play_crosses,opponent_team,own_goals,penalties_conceded,penalties_missed,penalties_saved,recoveries,red_cards,round,saves,selected,tackled,tackles,target_missed,team_a_score,team_h_score,threat,total_points,transfers_balance,transfers_in,transfers_out,value,was_home,winning_goals,yellow_cards
0,0,0,0,0,0,0,0,0,0.0,0,0,612,0,0,339,0,0,0,0.0,19078,0.0,0,2019-04-13T11:30:00Z,13 Apr 12:30,0,0,0,0,0,10,0,0,0,0,0,0,34,0,0,0,0,0,0,4,0.0,0,0,0,0,45,True,0,0
0,0,0,0,0,0,0,0,0,0.0,0,0,612,0,0,347,0,0,0,0.0,19933,0.0,0,2019-04-20T11:30:00Z,20 Apr 12:30,0,0,0,0,0,13,0,0,0,0,0,0,35,0,36,0,0,0,0,1,0.0,0,15,22,7,45,False,0,0
0,0,0,0,0,0,0,0,0,0.0,0,0,612,0,0,328,0,0,0,0.0,19932,0.0,0,2019-04-23T18:45:00Z,23 Apr 19:45,0,0,0,0,0,3,0,0,0,0,0,0,35,0,36,0,0,0,0,1,0.0,0,15,22,7,45,True,0,0
0,0,0,0,0,0,0,0,0,0.0,0,0,612,0,0,359,0,0,0,0.0,20548,0.0,0,2019-04-27T11:30:00Z,27 Apr 12:30,0,0,0,0,0,19,0,0,0,0,0,0,36,0,63,0,0,0,1,0,0.0,0,28,33,5,45,True,0,0
0,0,0,0,0,0,0,0,0,0.0,0,0,612,0,0,362,0,0,0,0.0,21163,0.0,0,2019-05-04T11:30:00Z,04 May 12:30,0,0,0,0,0,2,0,0,0,0,0,0,37,0,98,0,0,0,0,1,0.0,0,26,49,23,45,False,0,0
0,0,0,0,0,0,0,0,0,0.0,0,0,612,0,0,379,0,0,0,0.0,21779,0.0,0,2019-05-12T14:00:00Z,12 May 15:00,0,0,0,0,0,8,0,0,0,0,0,0,38,0,166,0,0,0,2,2,0.0,0,54,86,32,45,True,0,0
