assists,bonus,bps,clean_sheets,creativity,element_code,end_cost,goals_conceded,goals_scored,ict_index,influence,minutes,own_goals,penalties_missed,penalties_saved,red_cards,saves,season_name,start_cost,threat,total_points,yellow_cards
6,17,677,8,0.0,41733,67,59,11,0.0,0.0,3163,0,0,0,0,0,2015/16,70,0.0,170,1
9,14,650,11,694.5,41733,75,37,6,198.5,648.4,2974,0,0,0,0,0,2016/17,80,639.0,149,2
2,1,406,15,356.2,41733,66,23,1,109.9,341.8,2381,0,0,0,0,0,2017/18,70,399.0,85,1
1,9,470,18,405.2,41733,55,16,3,118.4,437.6,2723,0,0,0,0,0,2018/19,55,338.0,108,3
