assists,bonus,bps,clean_sheets,creativity,element,expected_assists,expected_goal_involvements,expected_goals,expected_goals_conceded,fixture,goals_conceded,goals_scored,ict_index,influence,kickoff_time,minutes,opponent_team,own_goals,penalties_missed,penalties_saved,red_cards,round,saves,selected,starts,team_a_score,team_h_score,threat,total_points,transfers_balance,transfers_in,transfers_out,value,was_home,yellow_cards
0,0,10,0,0.1,727,0.00,0.00,0.00,1.68,211,2,0,1.7,15.2,2023-02-04T15:00:00Z,90,2,1,0,0,0,22,0,1148,1,4,2,2.0,-1,1093,1141,48,45,False,0
1,0,24,0,11.3,727,0.01,0.01,0.00,1.28,226,1,0,4.6,34.2,2023-02-11T15:00:00Z,90,18,0,0,0,0,23,0,1946,1,1,4,0.0,4,714,784,70,45,True,1
0,0,13,0,11.1,727,0.01,0.13,0.12,4.23,236,3,0,5.4,30.4,2023-02-19T14:00:00Z,90,14,0,0,0,0,24,0,3208,1,0,3,12.0,1,1097,1195,98,45,False,0
0,0,8,0,0.4,727,0.03,0.03,0.00,0.64,246,1,0,1.0,9.6,2023-02-25T15:00:00Z,90,1,0,0,0,0,25,0,4515,1,1,0,0.0,2,948,1245,297,45,True,0
0,0,8,0,0.6,727,0.01,0.54,0.53,1.38,259,1,0,2.4,15.6,2023-03-04T17:30:00Z,90,17,0,0,0,0,26,0,4857,1,0,1,8.0,2,455,915,460,45,False,0
0,0,12,0,3.8,727,0.01,0.43,0.42,1.53,266,3,0,3.2,23.4,2023-03-11T15:00:00Z,90,6,0,0,0,0,27,0,5515,1,3,1,5.0,1,528,1065,537,45,True,0
