assists,bonus,bps,clean_sheets,creativity,ea_index,element_code,end_cost,goals_conceded,goals_scored,ict_index,id,influence,minutes,own_goals,penalties_missed,penalties_saved,red_cards,saves,season,season_name,start_cost,threat,total_points,yellow_cards
0,0,1,0,0.0,0,147675,43,0,0,0.0,5339,0.0,1,0,0,0,0,0,8,2013/14,45,0.0,1,0
1,0,16,0,0.0,23,147675,48,0,0,0.0,5976,0.0,30,0,0,0,0,0,9,2014/15,50,0.0,6,0
0,0,0,0,0.0,0,147675,50,0,0,0.0,6691,0.0,0,0,0,0,0,0,10,2015/16,50,0.0,0,0
0,0,0,0,0.0,0,147675,51,0,0,0.0,7466,0.0,0,0,0,0,0,0,11,2016/17,55,0.0,0,0
