pens_made,sca,carries,pens_att,blocks,dayofweek,gca,comp,assists,progressive_passes,touches,xg,position,pressures,date,shots_on_target,passes_completed,game_started,squad,shots_total,dribbles,xa,npxg,passes_pct,cards_yellow,passes,match_report,minutes,dribbles_completed,result,cards_red,bench_explain,progressive_carries,tackles,venue,goals,round,opponent,interceptions
0,0,29,0,3,Sat,0,Premier League,0,4,56,0.0,CB,7,2021-08-14,1,36,Y,Southampton,1,1,0.0,0.0,83.7,0,43,,90,1,L 1–3,0,,6,0,Away,0,Matchweek 1,Everton,1
0,1,30,0,4,Sun,0,Premier League,0,4,45,0.0,CB,6,2021-08-22,0,27,Y,Southampton,0,1,0.0,0.0,79.4,0,34,,90,1,D 1–1,0,,4,1,Home,0,Matchweek 2,Manchester Utd,5
,,,,,Wed,,EFL Cup,,,,,,,2021-08-25,,,N,Southampton,,,,,,,,,,,W 8–0,,"On matchday squad, but did not play",,,Away,,Second round,Newport County,
0,3,51,0,2,Sat,1,Premier League,0,8,87,0.0,CB,12,2021-08-28,0,62,Y,Southampton,1,0,0.0,0.0,91.2,0,68,,90,0,D 2–2,0,,8,6,Away,0,Matchweek 3,Newcastle Utd,4
0,0,43,0,2,Sat,0,Premier League,0,7,80,0.0,CB,13,2021-09-11,0,54,Y,Southampton,0,0,0.0,0.0,83.1,1,65,,90,0,D 0–0,0,,2,3,Home,0,Matchweek 4,West Ham,4
0,0,14,0,1,Sat,0,Premier League,0,0,24,0.0,CB,2,2021-09-18,0,19,N,Southampton,0,1,0.0,0.0,100.0,0,19,,54,0,D 0–0,0,,0,1,Away,0,Matchweek 5,Manchester City,0
0,,,0,,Tue,,EFL Cup,0,,,,CB,,2021-09-21,1,,Y,Southampton,1,,,,,0,,,120,,D 2 ,0,,,,Away,1,Third round,Sheffield Utd,1
0,2,54,0,1,Sun,0,Premier League,0,5,81,0.0,CB,10,2021-09-26,0,59,Y,Southampton,0,0,0.1,0.0,85.5,0,69,,90,0,L 0–1,0,,4,4,Home,0,Matchweek 6,Wolves,2
0,0,33,0,3,Sat,0,Premier League,0,0,57,0.0,CB,13,2021-10-02,0,37,Y,Southampton,0,2,0.0,0.0,88.1,1,42,,90,1,L 1–3,0,,1,4,Away,0,Matchweek 7,Chelsea,5
0,1,37,0,3,Sat,0,Premier League,0,4,66,0.1,CB,13,2021-10-16,0,34,Y,Southampton,2,0,0.1,0.1,70.8,0,48,,90,0,W 1–0,0,,4,2,Home,0,Matchweek 8,Leeds United,2
0,1,46,0,1,Sat,0,Premier League,0,6,81,0.0,CB,7,2021-10-23,0,51,Y,Southampton,0,0,0.0,0.0,75.0,0,68,,90,0,D 2–2,0,,2,1,Home,0,Matchweek 9,Burnley,4
0,,,0,,Tue,,EFL Cup,0,,,,CB,,2021-10-26,1,,Y,Southampton,1,,,,,0,,,90,,D 1 ,0,,,,Away,0,Fourth round,Chelsea,3
0,3,52,0,0,Sat,1,Premier League,0,3,89,0.0,CB,15,2021-10-30,0,57,Y,Southampton,0,0,0.0,0.0,76.0,1,75,,90,0,W 1–0,0,,5,5,Away,0,Matchweek 10,Watford,1
0,0,40,0,0,Fri,0,Premier League,0,4,72,0.1,CB,7,2021-11-05,0,52,Y,Southampton,1,0,0.0,0.1,82.5,1,63,,90,0,W 1–0,0,,2,3,Home,0,Matchweek 11,Aston Villa,2
0,1,70,0,1,Sat,0,Premier League,0,8,107,0.0,CB,5,2021-11-20,1,70,Y,Southampton,1,1,0.0,0.0,77.8,0,90,,90,1,L 1–2,0,,12,0,Away,0,Matchweek 12,Norwich City,2
0,0,11,0,3,Sat,0,Premier League,0,1,48,0.0,CB,14,2021-11-27,0,23,Y,Southampton,0,1,0.0,0.0,71.9,0,32,,90,1,L 0–4,0,,0,1,Away,0,Matchweek 13,Liverpool,2
0,0,28,0,1,Wed,0,Premier League,0,5,62,0.3,CB,7,2021-12-01,1,32,Y,Southampton,2,1,0.0,0.3,62.7,0,51,,90,1,D 2–2,0,,3,1,Home,0,Matchweek 14,Leicester City,3
0,1,14,0,2,Sat,0,Premier League,0,2,50,0.0,CB,5,2021-12-04,0,23,Y,Southampton,1,0,0.0,0.0,56.1,1,41,,90,0,D 1–1,0,,1,1,Home,0,Matchweek 15,Brighton,4
0,0,24,0,2,Wed,0,Premier League,0,3,56,0.0,CB,11,2021-12-15,0,28,Y,Southampton,0,1,0.0,0.0,75.7,1,37,,90,1,D 2–2,0,,1,3,Away,0,Matchweek 17,Crystal Palace,3
0,0,19,0,2,Sun,0,Premier League,0,2,52,0.0,CB,13,2021-12-26,0,24,Y,Southampton,0,0,0.0,0.0,72.7,0,33,,90,0,W 3–2,0,,5,7,Away,0,Matchweek 19,West Ham,4
0,0,17,0,2,Tue,0,Premier League,0,2,32,0.0,CB,18,2021-12-28,0,17,Y,Southampton,0,0,0.0,0.0,63.0,2,27,,38,0,D 1–1,1,,1,2,Home,0,Matchweek 20,Tottenham,1
0,3,35,0,2,Tue,1,Premier League,0,2,61,0.0,CB,9,2022-01-11,0,39,Y,Southampton,0,0,0.0,0.0,83.0,0,47,,90,0,W 4–1,0,,0,4,Home,0,Matchweek 18,Brentford,4
0,2,49,0,0,Sat,0,Premier League,0,7,86,0.3,CB,16,2022-01-15,2,61,Y,Southampton,2,2,0.2,0.3,83.6,1,73,,90,0,L 1–3,0,,3,2,Away,0,Matchweek 22,Wolves,5
0,0,28,0,4,Sat,0,Premier League,0,0,64,0.0,CB,14,2022-01-22,0,28,Y,Southampton,1,0,0.0,0.0,73.7,0,38,,90,0,D 1–1,0,,1,6,Home,0,Matchweek 23,Manchester City,3
,,,,,Sat,,FA Cup,,,,,,,2022-02-05,,,N,Southampton,,,,,,,,,,,W 2–1,,"On matchday squad, but did not play",,,Home,,Fourth round proper,Coventry City,
0,2,40,0,1,Wed,0,Premier League,0,2,66,0.1,CB,7,2022-02-09,0,40,Y,Southampton,2,0,0.0,0.1,80.0,0,50,,90,0,W 3–2,0,,11,3,Away,0,Matchweek 24,Tottenham,5
0,1,47,0,0,Sat,0,Premier League,0,3,65,0.0,CB,14,2022-02-12,0,42,Y,Southampton,0,0,0.0,0.0,75.0,0,56,,90,0,D 1–1,0,,4,3,Away,0,Matchweek 25,Manchester Utd,0
0,0,44,0,4,Sat,0,Premier League,0,1,70,0.0,CB,12,2022-02-19,0,46,Y,Southampton,0,0,0.0,0.0,79.3,0,58,,90,0,W 2–0,0,,4,3,Home,0,Matchweek 26,Everton,1
0,1,35,0,5,Fri,0,Premier League,0,3,68,0.0,CB,10,2022-02-25,0,36,Y,Southampton,2,0,0.0,0.0,67.9,1,53,,90,0,W 2–0,0,,4,2,Home,0,Matchweek 27,Norwich City,1
0,0,81,0,2,Thu,0,Premier League,0,4,105,0.2,CB,1,2022-03-10,2,83,Y,Southampton,2,0,0.0,0.2,84.7,0,98,,90,0,L 1–2,0,,8,1,Home,0,Matchweek 21,Newcastle Utd,1
0,1,57,0,1,Sun,0,Premier League,0,6,101,0.4,CB,7,2022-03-13,1,66,Y,Southampton,4,0,0.0,0.4,83.5,0,79,,90,0,L 1–2,0,,9,2,Home,0,Matchweek 29,Watford,2
0,,,0,,Sun,,FA Cup,0,,,,CB,,2022-03-20,0,,Y,Southampton,0,,,,,0,,,90,,L 1–4,0,,,,Home,0,Quarter-finals,Manchester City,2
0,0,25,0,3,Sat,0,Premier League,0,3,58,0.0,CB,8,2022-04-02,0,25,Y,Southampton,0,0,0.0,0.0,54.3,0,46,,90,0,D 1–1,0,,1,3,Away,0,Matchweek 31,Leeds United,5
0,0,20,0,3,Sat,0,Premier League,0,1,50,0.0,CB,7,2022-04-09,0,22,Y,Southampton,0,1,0.0,0.0,59.5,0,37,,90,0,L 0–6,0,,0,2,Home,0,Matchweek 32,Chelsea,3
,,,,,Sat,,Premier League,,,,,,,2022-04-16,,,N,Southampton,,,,,,,,,,,W 1–0,,"On matchday squad, but did not play",,,Home,,Matchweek 33,Arsenal,
,,,,,Thu,,Premier League,,,,,,,2022-04-21,,,N,Southampton,,,,,,,,,,,L 0–2,,"On matchday squad, but did not play",,,Away,,Matchweek 30,Burnley,
0,1,25,0,0,Sun,0,Premier League,0,2,61,0.1,CB,16,2022-04-24,0,29,Y,Southampton,1,0,0.0,0.1,64.4,0,45,,90,0,D 2–2,0,,2,0,Away,0,Matchweek 34,Brighton,8
0,1,18,0,3,Sat,0,Premier League,0,3,55,0.0,CB,15,2022-04-30,0,32,Y,Southampton,0,0,0.0,0.0,76.2,0,42,,90,0,L 1–2,0,,0,2,Home,0,Matchweek 35,Crystal Palace,3
0,1,43,0,2,Sat,0,Premier League,0,4,68,0.1,CB,12,2022-05-07,0,48,Y,Southampton,2,0,0.0,0.1,84.2,0,57,,90,0,L 0–3,0,,0,5,Away,0,Matchweek 36,Brentford,0
0,1,26,0,4,Tue,0,Premier League,0,5,61,0.0,CB,21,2022-05-17,0,32,Y,Southampton,0,1,0.0,0.0,72.7,0,44,,90,1,L 1–2,0,,1,6,Home,0,Matchweek 37,Liverpool,2
0,0,26,0,2,Sun,0,Premier League,0,4,60,0.0,LB,17,2022-05-22,0,41,Y,Southampton,0,1,0.0,0.0,78.8,0,52,,90,1,L 1–4,0,,2,2,Away,0,Matchweek 38,Leicester City,1
