pens_made,sca,carries,pens_att,blocks,dayofweek,gca,comp,assists,progressive_passes,touches,xg,position,pressures,date,shots_on_target,passes_completed,game_started,squad,shots_total,dribbles,xa,npxg,passes_pct,cards_yellow,passes,match_report,minutes,dribbles_completed,result,cards_red,bench_explain,progressive_carries,tackles,venue,goals,round,opponent,interceptions
0,0,0,0,0,Sun,0,Premier League,0,0,5,0.0,LB,1,2021-12-26,0,3,N,Crystal Palace,0,0,0.0,0.0,60.0,0,5,,9,0,L 0–3,0,,0,0,Away,0,Matchweek 19,Tottenham,0
,,,,,Tue,,Premier League,,,,,,,2021-12-28,,,N,Crystal Palace,,,,,,,,,,,W 3–0,,"On matchday squad, but did not play",,,Home,,Matchweek 20,Norwich City,
,,,,,Fri,,Premier League,,,,,,,2022-01-14,,,N,Crystal Palace,,,,,,,,,,,D 1–1,,"On matchday squad, but did not play",,,Away,,Matchweek 22,Brighton,
0,,,0,,Mon,,PL2 — Div. 1,0,,,,LB,,2022-01-17,,,Y,Crystal Palace U23,,,,,,1,,,75,,W 3–2,0,,,,Home,0,Matchweek 17,Chelsea,
,,,,,Sun,,Premier League,,,,,,,2022-01-23,,,N,Crystal Palace,,,,,,,,,,,L 1–3,,"On matchday squad, but did not play",,,Home,,Matchweek 23,Liverpool,
0,,,0,,Mon,,PL2 — Div. 1,0,,,,,,2022-01-24,,,Y,Crystal Palace U23,,,,,,0,,,90,,L 0–2,0,,,,Home,0,Matchweek 18,Liverpool,
