pens_made,sca,carries,pens_att,blocks,dayofweek,gca,comp,assists,progressive_passes,touches,xg,position,pressures,date,shots_on_target,passes_completed,game_started,squad,shots_total,dribbles,xa,npxg,passes_pct,cards_yellow,passes,match_report,minutes,dribbles_completed,result,cards_red,bench_explain,progressive_carries,tackles,venue,goals,round,opponent,interceptions
0,0,8,0,0,Sat,0,Premier League,0,0,22,0.0,GK,0,2021-08-14,0,17,Y,Burnley,0,0,0.0,0.0,81.0,0,21,,90,0,L 1–2,0,,0,0,Home,0,Matchweek 1,Brighton,0
0,0,13,0,0,Sat,0,Premier League,0,0,42,0.0,GK,0,2021-08-21,0,13,Y,Burnley,0,0,0.0,0.0,35.1,0,37,,90,0,L 0–2,0,,0,0,Away,0,Matchweek 2,Liverpool,0
0,0,16,0,0,Sun,0,Premier League,0,0,34,0.0,GK,0,2021-08-29,0,14,Y,Burnley,0,0,0.0,0.0,45.2,0,31,,90,0,D 1–1,0,,0,0,Home,0,Matchweek 3,Leeds United,0
,,,,,Thu,,WCQ,,,,,,,2021-09-02,,,N,England,,,,,,,,,,,W 4–0,,"On matchday squad, but did not play",,,Away,,First round,Hungary,
,,,,,Sun,,WCQ,,,,,,,2021-09-05,,,N,England,,,,,,,,,,,W 4–0,,"On matchday squad, but did not play",,,Home,,First round,Andorra,
,,,,,Wed,,WCQ,,,,,,,2021-09-08,,,N,England,,,,,,,,,,,D 1–1,,"On matchday squad, but did not play",,,Away,,First round,Poland,
0,1,11,0,0,Mon,0,Premier League,0,0,23,0.0,GK,0,2021-09-13,0,14,Y,Burnley,0,0,0.0,0.0,66.7,0,21,,90,0,L 1–3,0,,0,0,Away,0,Matchweek 4,Everton,0
0,1,13,0,0,Sat,0,Premier League,0,0,33,0.0,GK,0,2021-09-18,0,21,Y,Burnley,0,0,0.0,0.0,70.0,0,30,,90,0,L 0–1,0,,0,0,Home,0,Matchweek 5,Arsenal,0
0,,,0,,Tue,,EFL Cup,0,,,,GK,,2021-09-21,0,,Y,Burnley,0,,,,,0,,,90,,W 4–1,0,,,,Home,0,Third round,Rochdale,0
0,1,11,0,0,Sat,0,Premier League,0,0,29,0.0,GK,0,2021-09-25,0,9,Y,Burnley,0,0,0.1,0.0,31.0,0,29,,90,0,D 2–2,0,,0,0,Away,0,Matchweek 6,Leicester City,0
0,0,16,0,0,Sat,0,Premier League,0,0,34,0.0,GK,0,2021-10-02,0,21,Y,Burnley,0,0,0.0,0.0,70.0,0,30,,90,0,D 0–0,0,,0,0,Home,0,Matchweek 7,Norwich City,0
0,0,14,0,0,Sat,0,Premier League,0,0,39,0.0,GK,0,2021-10-16,0,13,Y,Burnley,0,0,0.0,0.0,38.2,0,34,,90,0,L 0–2,0,,0,0,Away,0,Matchweek 8,Manchester City,0
0,0,12,0,0,Sat,0,Premier League,0,0,32,0.0,GK,0,2021-10-23,0,16,Y,Burnley,0,0,0.0,0.0,51.6,0,31,,90,0,D 2–2,0,,0,0,Away,0,Matchweek 9,Southampton,0
0,,,0,,Wed,,EFL Cup,0,,,,GK,,2021-10-27,0,,Y,Burnley,0,,,,,0,,,90,,L 0–1,0,,,,Home,0,Fourth round,Tottenham,0
0,0,15,0,0,Sat,0,Premier League,0,0,34,0.0,GK,0,2021-10-30,0,17,Y,Burnley,0,0,0.0,0.0,54.8,0,31,,90,0,W 3–1,0,,0,0,Home,0,Matchweek 10,Brentford,0
0,1,10,0,0,Sat,0,Premier League,0,0,37,0.0,GK,0,2021-11-06,0,12,Y,Burnley,0,0,0.1,0.0,37.5,0,32,,90,0,D 1–1,0,,0,0,Away,0,Matchweek 11,Chelsea,0
0,0,8,0,0,Sat,0,Premier League,0,0,23,0.0,GK,0,2021-11-20,0,11,Y,Burnley,0,0,0.0,0.0,57.9,0,19,,90,0,D 3–3,0,,0,0,Home,0,Matchweek 12,Crystal Palace,0
0,0,12,0,0,Wed,0,Premier League,0,0,30,0.0,GK,0,2021-12-01,0,12,Y,Burnley,0,0,0.0,0.0,42.9,0,28,,90,0,D 0–0,0,,0,0,Away,0,Matchweek 14,Wolves,0
0,1,16,0,0,Sat,0,Premier League,0,0,33,0.0,GK,0,2021-12-04,0,15,Y,Burnley,0,1,0.0,0.0,53.6,0,28,,90,1,L 0–1,0,,0,0,Away,0,Matchweek 15,Newcastle Utd,0
0,0,15,0,0,Sun,0,Premier League,0,0,36,0.0,GK,0,2021-12-12,0,17,Y,Burnley,0,0,0.0,0.0,54.8,0,31,,90,0,D 0–0,0,,0,0,Home,0,Matchweek 16,West Ham,0
0,,,0,,Sat,,FA Cup,0,,,,GK,,2022-01-08,0,,Y,Burnley,0,,,,,0,,,90,,L 1–2,0,,,,Home,0,Third round proper,Huddersfield,0
0,0,13,0,0,Sun,0,Premier League,0,0,34,0.0,GK,0,2022-01-23,0,12,Y,Burnley,0,0,0.0,0.0,38.7,0,31,,90,0,D 0–0,0,,0,0,Away,0,Matchweek 23,Arsenal,0
0,0,13,0,0,Sat,0,Premier League,0,0,34,0.0,GK,0,2022-02-05,0,17,Y,Burnley,0,0,0.0,0.0,56.7,0,30,,90,0,D 0–0,0,,0,0,Home,0,Matchweek 17,Watford,0
0,0,14,0,0,Tue,0,Premier League,0,0,33,0.0,GK,0,2022-02-08,0,10,Y,Burnley,0,0,0.0,0.0,34.5,0,29,,90,0,D 1–1,0,,0,0,Home,0,Matchweek 24,Manchester Utd,0
0,0,20,0,0,Sun,0,Premier League,0,0,42,0.0,GK,0,2022-02-13,0,18,Y,Burnley,0,0,0.0,0.0,48.6,0,37,,90,0,L 0–1,0,,0,0,Home,0,Matchweek 25,Liverpool,0
0,1,9,0,0,Sat,0,Premier League,0,0,33,0.0,GK,0,2022-02-19,0,9,Y,Burnley,0,0,0.0,0.0,32.1,0,28,,90,0,W 3–0,0,,0,0,Away,0,Matchweek 26,Brighton,0
0,0,6,0,0,Wed,0,Premier League,0,0,27,0.0,GK,0,2022-02-23,0,9,Y,Burnley,0,0,0.0,0.0,36.0,0,25,,90,0,W 1–0,0,,0,0,Home,0,Matchweek 13,Tottenham,0
0,0,16,0,0,Sat,0,Premier League,0,0,29,0.0,GK,0,2022-02-26,0,19,Y,Burnley,0,0,0.0,0.0,70.4,0,27,,90,0,D 1–1,0,,0,0,Away,0,Matchweek 27,Crystal Palace,0
0,0,15,0,0,Tue,0,Premier League,0,0,40,0.0,GK,0,2022-03-01,0,18,Y,Burnley,0,0,0.0,0.0,50.0,0,36,,90,0,L 0–2,0,,0,0,Home,0,Matchweek 22,Leicester City,0
0,0,10,0,0,Sat,0,Premier League,0,0,19,0.0,GK,0,2022-03-05,0,9,Y,Burnley,0,0,0.0,0.0,52.9,0,17,,90,0,L 0–4,0,,0,0,Home,0,Matchweek 28,Chelsea,0
0,0,18,0,0,Sat,0,Premier League,0,0,37,0.0,GK,0,2022-03-12,0,12,Y,Burnley,0,0,0.0,0.0,33.3,0,36,,90,0,L 0–2,0,,0,0,Away,0,Matchweek 29,Brentford,0
,,,,,Sat,,Friendlies (M),,,,,,,2022-03-26,,,N,England,,,,,,,,,,,W 2–1,,"On matchday squad, but did not play",,,Home,,Friendlies (M),Switzerland,
0,,,0,,Tue,,Friendlies (M),0,,,,GK,,2022-03-29,,,Y,England,,,,,,0,,,90,,W 3–0,0,,,,Home,0,Friendlies (M),Côte d'Ivoire,
0,0,9,0,0,Sat,0,Premier League,0,0,37,0.0,GK,0,2022-04-02,0,16,Y,Burnley,0,0,0.0,0.0,47.1,0,34,,90,0,L 0–2,0,,0,0,Home,0,Matchweek 31,Manchester City,0
0,0,13,0,0,Wed,0,Premier League,0,0,36,0.0,GK,0,2022-04-06,0,16,Y,Burnley,0,0,0.0,0.0,47.1,0,34,,90,0,W 3–2,0,,0,0,Home,0,Matchweek 19,Everton,0
0,0,14,0,0,Sun,0,Premier League,0,0,38,0.0,GK,0,2022-04-10,0,14,Y,Burnley,0,0,0.0,0.0,42.4,0,33,,90,0,L 0–2,0,,0,0,Away,0,Matchweek 32,Norwich City,0
0,0,11,0,0,Sun,0,Premier League,0,0,41,0.0,GK,1,2022-04-17,0,14,Y,Burnley,0,0,0.0,0.0,43.8,0,32,,90,0,D 1–1,0,,0,0,Away,0,Matchweek 33,West Ham,0
0,2,21,0,0,Thu,0,Premier League,0,0,39,0.0,GK,0,2022-04-21,0,20,Y,Burnley,0,0,0.0,0.0,58.8,0,34,,90,0,W 2–0,0,,0,0,Home,0,Matchweek 30,Southampton,0
0,0,16,0,0,Sun,0,Premier League,0,0,32,0.0,GK,0,2022-04-24,0,16,Y,Burnley,0,0,0.0,0.0,55.2,0,29,,90,0,W 1–0,0,,0,0,Home,0,Matchweek 34,Wolves,0
0,0,12,0,0,Sat,0,Premier League,0,0,36,0.0,GK,0,2022-04-30,0,16,Y,Burnley,0,0,0.0,0.0,55.2,0,29,,90,0,W 2–1,0,,0,0,Away,0,Matchweek 35,Watford,0
0,0,14,0,0,Sat,0,Premier League,0,0,30,0.0,GK,0,2022-05-07,0,17,Y,Burnley,0,0,0.0,0.0,65.4,0,26,,90,0,L 1–3,0,,0,0,Home,0,Matchweek 36,Aston Villa,0
0,0,8,0,0,Sun,0,Premier League,0,0,33,0.0,GK,0,2022-05-15,0,14,Y,Burnley,0,0,0.0,0.0,51.9,1,27,,90,0,L 0–1,0,,0,0,Away,0,Matchweek 37,Tottenham,0
0,0,12,0,0,Thu,0,Premier League,0,0,45,0.0,GK,0,2022-05-19,0,19,Y,Burnley,0,0,0.0,0.0,48.7,0,39,,90,0,D 1–1,0,,0,0,Away,0,Matchweek 18,Aston Villa,0
0,0,7,0,0,Sun,0,Premier League,0,0,36,0.0,GK,0,2022-05-22,0,13,Y,Burnley,0,0,0.0,0.0,40.6,0,32,,90,0,L 1–2,0,,0,0,Home,0,Matchweek 38,Newcastle Utd,0
,,,,,Sat,,UEFA Nations League,,,,,,,2022-06-04,,,N,England,,,,,,,,,,,L 0–1,,"On matchday squad, but did not play",,,Away,,League A,Hungary,
,,,,,Tue,,UEFA Nations League,,,,,,,2022-06-07,,,N,England,,,,,,,,,,,D 1–1,,"On matchday squad, but did not play",,,Away,,League A,Germany,
,,,,,Sat,,UEFA Nations League,,,,,,,2022-06-11,,,N,England,,,,,,,,,,,D 0–0,,"On matchday squad, but did not play",,,Home,,League A,Italy,
,,,,,Tue,,UEFA Nations League,,,,,,,2022-06-14,,,N,England,,,,,,,,,,,L 0–4,,"On matchday squad, but did not play",,,Home,,League A,Hungary,
