pens_made,sca,carries,pens_att,blocks,dayofweek,gca,comp,assists,progressive_passes,touches,xg,position,pressures,date,shots_on_target,passes_completed,game_started,squad,shots_total,dribbles,xa,npxg,passes_pct,cards_yellow,passes,match_report,minutes,dribbles_completed,result,cards_red,bench_explain,progressive_carries,tackles,venue,goals,round,opponent,interceptions
0,,,0,,Sun,,Premier League,0,,,,DM,,2021-08-08,1,,Y,Rostov,2,,,,,0,,,90,,D 1–1,0,,,,Away,0,Matchweek 3,FC Khimki,1
0,,,0,,Sat,,Premier League,0,,,,CM,,2021-08-14,0,,Y,Rostov,0,,,,,0,,,41,,L 1–3,0,,,,Home,0,Matchweek 4,CSKA Moscow,0
0,,,0,,Sun,,Premier League,0,,,,CM,,2021-08-22,0,,Y,Rostov,4,,,,,1,,,90,,W 2–1,0,,,,Away,0,Matchweek 5,Nizhny Novgorod,0
0,,,0,,Fri,,Premier League,0,,,,CM,,2021-08-27,1,,Y,Rostov,3,,,,,0,,,85,,D 1–1,0,,,,Away,0,Matchweek 6,Ural,1
0,,,0,,Wed,,WCQ,0,,,,DM,,2021-09-01,0,,Y,Norway,0,,,,,0,,,67,,D 1–1,0,,,,Home,0,First round,Netherlands,2
0,,,0,,Sat,,WCQ,0,,,,DM,,2021-09-04,0,,Y,Norway,0,,,,,0,,,59,,W 2–0,0,,,,Away,0,First round,Latvia,2
,,,,,Tue,,WCQ,,,,,,,2021-09-07,,,N,Norway,,,,,,,,,,,W 5–1,,"On matchday squad, but did not play",,,Home,,First round,Gibraltar,
,,,,,Sat,,Premier League,,,,,,,2021-09-11,,,N,Norwich City,,,,,,,,,,,L 0–1,,"On matchday squad, but did not play",,,Away,,Matchweek 4,Arsenal,
0,2,17,0,2,Sat,1,Premier League,1,9,43,0.0,DM,9,2021-09-18,1,21,Y,Norwich City,2,0,0.2,0.0,70.0,0,30,,69,0,L 1–3,0,,1,3,Home,0,Matchweek 5,Watford,1
0,4,34,0,1,Sat,0,Premier League,0,3,52,0.1,DM,13,2021-09-25,2,33,Y,Norwich City,3,5,0.0,0.1,75.0,0,44,,68,3,L 0–2,0,,4,1,Away,0,Matchweek 6,Everton,1
0,4,35,0,4,Sat,0,Premier League,0,2,65,0.2,DM,6,2021-10-02,1,31,Y,Norwich City,2,4,0.1,0.2,64.6,1,48,,90,4,D 0–0,0,,3,2,Away,0,Matchweek 7,Burnley,0
0,4,24,0,0,Sat,0,Premier League,0,1,39,0.2,DM,13,2021-10-16,0,14,Y,Norwich City,3,1,0.0,0.2,51.9,0,27,,82,1,D 0–0,0,,1,0,Home,0,Matchweek 8,Brighton,1
0,1,35,0,2,Sat,0,Premier League,0,1,47,0.0,DM,23,2021-10-23,0,23,Y,Norwich City,1,2,0.0,0.0,69.7,1,33,,90,2,L 0–7,0,,2,1,Away,0,Matchweek 9,Chelsea,0
0,2,33,0,3,Sun,0,Premier League,0,3,51,0.0,DM,20,2021-10-31,0,18,Y,Norwich City,2,4,0.0,0.0,51.4,0,35,,90,3,L 1–2,0,,4,4,Home,0,Matchweek 10,Leeds United,2
0,2,23,0,1,Sat,1,Premier League,0,3,55,0.1,DM,14,2021-11-06,1,23,Y,Norwich City,2,1,0.0,0.1,63.9,1,36,,90,1,W 2–1,0,,4,3,Away,1,Matchweek 11,Brentford,4
0,,,0,,Sat,,WCQ,0,,,,DM,,2021-11-13,1,,Y,Norway,2,,,,,0,,,90,,D 0–0,0,,,,Home,0,First round,Latvia,1
0,,,0,,Tue,,WCQ,0,,,,CM,,2021-11-16,0,,Y,Norway,0,,,,,0,,,72,,L 0–2,0,,,,Away,0,First round,Netherlands,1
0,2,27,0,0,Sat,0,Premier League,0,6,57,0.0,DM,14,2021-11-20,0,34,Y,Norwich City,1,1,0.1,0.0,70.8,1,48,,90,0,W 2–1,0,,4,3,Home,0,Matchweek 12,Southampton,0
0,1,11,0,0,Sat,0,Premier League,0,2,22,0.0,DM,3,2021-11-27,0,14,Y,Norwich City,0,0,0.0,0.0,66.7,0,21,,34,0,D 0–0,0,,1,0,Home,0,Matchweek 13,Wolves,0
0,,,0,,Sat,,FA Cup,0,,,,,,2022-02-05,0,,N,Norwich City,0,,,,,1,,,25,,W 1–0,0,,,,Away,0,Fourth round proper,Wolves,0
0,0,3,0,1,Wed,0,Premier League,0,0,9,0.0,DM,7,2022-02-09,0,3,N,Norwich City,0,0,0.0,0.0,50.0,0,6,,17,0,D 1–1,0,,0,1,Home,0,Matchweek 24,Crystal Palace,1
0,0,8,0,0,Sat,0,Premier League,0,1,14,0.0,DM,3,2022-02-12,0,9,N,Norwich City,0,0,0.0,0.0,69.2,0,13,,28,0,L 0–4,0,,0,1,Home,0,Matchweek 25,Manchester City,1
0,0,22,0,1,Sat,0,Premier League,0,5,45,0.0,DM,12,2022-02-19,0,22,Y,Norwich City,0,1,0.0,0.0,61.1,0,36,,80,1,L 1–3,0,,2,0,Away,0,Matchweek 26,Liverpool,3
0,1,26,0,0,Fri,0,Premier League,0,2,39,0.1,DM,16,2022-02-25,0,20,Y,Norwich City,2,1,0.0,0.1,62.5,0,32,,71,1,L 0–2,0,,3,3,Away,0,Matchweek 27,Southampton,2
0,,,0,,Wed,,FA Cup,0,,,,CM,,2022-03-02,0,,Y,Norwich City,0,,,,,0,,,60,,L 1–2,0,,,,Away,0,Fifth round proper,Liverpool,0
0,0,33,0,3,Sat,0,Premier League,0,5,54,0.0,DM,20,2022-03-05,0,37,Y,Norwich City,0,1,0.0,0.0,77.1,0,48,,80,0,L 1–3,0,,4,1,Home,0,Matchweek 28,Brentford,1
0,0,16,0,0,Thu,0,Premier League,0,1,27,0.0,DM,9,2022-03-10,0,17,Y,Norwich City,1,0,0.0,0.0,73.9,0,23,,45,0,L 1–3,0,,4,0,Home,0,Matchweek 30,Chelsea,1
0,0,14,0,0,Sun,0,Premier League,0,1,27,0.0,CM,14,2022-03-13,0,5,N,Norwich City,0,3,0.0,0.0,33.3,0,15,,45,1,L 1–2,0,,2,5,Away,0,Matchweek 29,Leeds United,2
0,,,0,,Fri,,Friendlies (M),0,,,,DM,,2022-03-25,,,Y,Norway,,,,,,1,,,70,,W 2–0,0,,,,Home,0,Friendlies (M),Slovakia,
,,,,,Tue,,Friendlies (M),,,,,,,2022-03-29,,,N,Norway,,,,,,,,,,,W 9–0,,"On matchday squad, but did not play",,,Home,,Friendlies (M),Armenia,
0,0,20,0,2,Sat,0,Premier League,0,1,39,0.0,DM,20,2022-04-02,0,20,Y,Norwich City,0,0,0.0,0.0,71.4,0,28,,90,0,D 0–0,0,,0,2,Away,0,Matchweek 31,Brighton,1
0,4,29,0,0,Sun,1,Premier League,1,4,54,0.0,DM,18,2022-04-10,0,31,Y,Norwich City,1,0,0.6,0.0,67.4,0,46,,90,0,W 2–0,0,,2,3,Home,0,Matchweek 32,Burnley,0
0,2,42,0,1,Sat,0,Premier League,0,5,64,0.0,DM,22,2022-04-16,0,44,Y,Norwich City,1,1,0.2,0.0,78.6,0,56,,90,1,L 2–3,0,,4,2,Away,0,Matchweek 33,Manchester Utd,0
0,2,27,0,1,Sat,0,Premier League,0,3,41,0.0,DM,11,2022-04-23,0,24,Y,Norwich City,0,0,0.2,0.0,68.6,0,35,,57,0,L 0–3,0,,1,1,Home,0,Matchweek 34,Newcastle Utd,0
0,0,39,0,3,Sat,0,Premier League,0,3,72,0.0,DM,19,2022-04-30,0,44,Y,Norwich City,2,2,0.0,0.0,80.0,0,55,,90,1,L 0–2,0,,0,2,Away,0,Matchweek 35,Aston Villa,2
0,3,14,0,1,Sun,0,Premier League,0,1,26,0.1,DM,25,2022-05-15,0,12,Y,Norwich City,2,1,0.4,0.1,70.6,1,17,,69,1,D 1–1,0,,3,0,Away,0,Matchweek 37,Wolves,1
0,0,35,0,0,Sun,0,Premier League,0,5,49,0.0,DM,13,2022-05-22,0,38,Y,Norwich City,1,0,0.0,0.0,82.6,1,46,,90,0,L 0–5,0,,6,0,Home,0,Matchweek 38,Tottenham,1
,,,,,Thu,,UEFA Nations League,,,,,,,2022-06-02,,,N,Norway,,,,,,,,,,,W 1–0,,"On matchday squad, but did not play",,,Away,,League B,Serbia,
,,,,,Sun,,UEFA Nations League,,,,,,,2022-06-05,,,N,Norway,,,,,,,,,,,W 2–1,,"On matchday squad, but did not play",,,Away,,League B,Sweden,
,,,,,Sun,,UEFA Nations League,,,,,,,2022-06-12,,,N,Norway,,,,,,,,,,,W 3–2,,"On matchday squad, but did not play",,,Home,,League B,Sweden,
