pens_made,sca,carries,pens_att,blocks,dayofweek,gca,comp,assists,progressive_passes,touches,xg,position,pressures,date,shots_on_target,passes_completed,game_started,squad,shots_total,dribbles,xa,npxg,passes_pct,cards_yellow,passes,match_report,minutes,dribbles_completed,result,cards_red,bench_explain,progressive_carries,tackles,venue,goals,round,opponent,interceptions
0,0,1,0,1,Sat,0,Premier League,0,0,3,0.0,RB,0,2021-10-23,0,1,N,Watford,0,0,0.0,0.0,50.0,0,2,,15,0,W 5–2,0,,0,0,Away,0,Matchweek 9,Everton,0
,,,,,Sat,,Premier League,,,,,,,2021-10-30,,,N,Watford,,,,,,,,,,,L 0–1,,"On matchday squad, but did not play",,,Home,,Matchweek 10,Southampton,
0,1,29,0,3,Sun,0,Premier League,0,0,48,0.0,CB,6,2021-11-07,0,30,Y,Watford,0,1,0.0,0.0,90.9,0,33,,90,1,L 0–1,0,,0,0,Away,0,Matchweek 11,Arsenal,0
0,0,12,0,1,Sat,0,Premier League,0,1,21,0.0,CB,1,2021-11-20,0,15,Y,Watford,0,0,0.0,0.0,83.3,0,18,,63,0,W 4–1,0,,0,1,Home,0,Matchweek 12,Manchester Utd,1
,,,,,Sat,,Premier League,,,,,,,2022-04-23,,,N,Watford,,,,,,,,,,,L 1–5,,"On matchday squad, but did not play",,,Away,,Matchweek 34,Manchester City,
