pens_made,sca,carries,pens_att,blocks,dayofweek,gca,comp,assists,progressive_passes,touches,xg,position,date,pressures,shots_on_target,passes_completed,game_started,squad,shots_total,dribbles,xa,npxg,passes_pct,cards_yellow,passes,match_report,minutes,dribbles_completed,result,cards_red,bench_explain,progressive_carries,tackles,venue,goals,round,opponent,interceptions
,,,,,Sun,,Premier League,,,,,,2021-08-15,,,,N,Newcastle Utd,,,,,,,,,,,L 2–4,,"On matchday squad, but did not play",,,Home,,Matchweek 1,West Ham,
,,,,,Sat,,Premier League,,,,,,2021-08-21,,,,N,Newcastle Utd,,,,,,,,,,,L 0–2,,"On matchday squad, but did not play",,,Away,,Matchweek 2,Aston Villa,
0,,,0,,Wed,,EFL Cup,0,,,,CM,2021-08-25,,1,,Y,Newcastle Utd,6,,,,,0,,,90,,D 0 ,0,,,,Home,0,Second round,Burnley,1
,,,,,Sat,,Premier League,,,,,,2021-08-28,,,,N,Newcastle Utd,,,,,,,,,,,D 2–2,,"On matchday squad, but did not play",,,Home,,Matchweek 3,Southampton,
0,,,0,,Wed,,WCQ,0,,,,CM,2021-09-01,,0,,Y,Republic of Ireland,0,,,,,1,,,90,,L 1–2,0,,,,Away,0,First round,Portugal,1
,,,,,Sat,,WCQ,,,,,,2021-09-04,,,,N,Republic of Ireland,,,,,,,,,,,D 1–1,,"On matchday squad, but did not play",,,Home,,First round,Azerbaijan,
0,,,0,,Tue,,WCQ,0,,,,CM,2021-09-07,,1,,Y,Republic of Ireland,3,,,,,0,,,77,,D 1–1,0,,,,Home,0,First round,Serbia,1
0,0,3,0,0,Sat,0,Premier League,0,0,4,0.0,DM,2021-09-11,1,0,4,N,Newcastle Utd,0,0,0.0,0.0,100.0,0,4,,6,0,L 1–4,0,,0,0,Away,0,Matchweek 4,Manchester Utd,0
,,,,,Fri,,Premier League,,,,,,2021-09-17,,,,N,Newcastle Utd,,,,,,,,,,,D 1–1,,"On matchday squad, but did not play",,,Home,,Matchweek 5,Leeds United,
,,,,,Sat,,Premier League,,,,,,2021-09-25,,,,N,Newcastle Utd,,,,,,,,,,,D 1–1,,"On matchday squad, but did not play",,,Away,,Matchweek 6,Watford,
0,0,21,0,0,Sat,0,Premier League,0,1,27,0.0,"DM,CM",2021-10-02,15,1,19,N,Newcastle Utd,1,1,0.0,0.0,86.4,0,22,,55,1,L 1–2,0,,0,1,Away,1,Matchweek 7,Wolves,0
0,,,0,,Sat,,WCQ,0,,,,CM,2021-10-09,,0,,Y,Republic of Ireland,0,,,,,0,,,90,,W 3–0,0,,,,Away,0,First round,Azerbaijan,0
0,,,0,,Tue,,Friendlies (M),1,,,,CM,2021-10-12,,,,Y,Republic of Ireland,,,,,,0,,,90,,W 4–0,0,,,,Home,0,Friendlies (M),Qatar,
,,,,,Sun,,Premier League,,,,,,2021-10-17,,,,N,Newcastle Utd,,,,,,,,,,,L 2–3,,"On matchday squad, but did not play",,,Home,,Matchweek 8,Tottenham,
,,,,,Sat,,Premier League,,,,,,2021-10-23,,,,N,Newcastle Utd,,,,,,,,,,,D 1–1,,"On matchday squad, but did not play",,,Away,,Matchweek 9,Crystal Palace,
0,,,0,,Thu,,WCQ,0,,,,CM,2021-11-11,,0,,Y,Republic of Ireland,0,,,,,0,,,77,,D 0–0,0,,,,Home,0,First round,Portugal,1
0,,,0,,Sun,,WCQ,0,,,,DM,2021-11-14,,0,,Y,Republic of Ireland,1,,,,,0,,,90,,W 3–0,0,,,,Away,0,First round,Luxembourg,2
,,,,,Sat,,Premier League,,,,,,2021-11-27,,,,N,Newcastle Utd,,,,,,,,,,,L 0–2,,"On matchday squad, but did not play",,,Away,,Matchweek 13,Arsenal,
,,,,,Tue,,Premier League,,,,,,2021-11-30,,,,N,Newcastle Utd,,,,,,,,,,,D 1–1,,"On matchday squad, but did not play",,,Home,,Matchweek 14,Norwich City,
,,,,,Sat,,Premier League,,,,,,2021-12-04,,,,N,Newcastle Utd,,,,,,,,,,,W 1–0,,"On matchday squad, but did not play",,,Home,,Matchweek 15,Burnley,
,,,,,Sun,,Premier League,,,,,,2021-12-12,,,,N,Newcastle Utd,,,,,,,,,,,L 0–4,,"On matchday squad, but did not play",,,Away,,Matchweek 16,Leicester City,
,,,,,Thu,,Premier League,,,,,,2021-12-16,,,,N,Newcastle Utd,,,,,,,,,,,L 1–3,,"On matchday squad, but did not play",,,Away,,Matchweek 17,Liverpool,
0,1,1,0,0,Sun,0,Premier League,0,0,1,0.0,CM,2021-12-19,0,0,1,N,Newcastle Utd,0,0,0.0,0.0,100.0,0,1,,11,0,L 0–4,0,,1,0,Home,0,Matchweek 18,Manchester City,0
,,,,,Mon,,Premier League,,,,,,2021-12-27,,,,N,Newcastle Utd,,,,,,,,,,,D 1–1,,"On matchday squad, but did not play",,,Home,,Matchweek 19,Manchester Utd,
,,,,,Sat,,FA Cup,,,,,,2022-01-08,,,,N,Newcastle Utd,,,,,,,,,,,L 0–1,,"On matchday squad, but did not play",,,Home,,Third round proper,Cambridge Utd,
,,,,,Sat,,Premier League,,,,,,2022-01-22,,,,N,Newcastle Utd,,,,,,,,,,,W 1–0,,"On matchday squad, but did not play",,,Away,,Matchweek 23,Leeds United,
0,,,0,,Sat,,FA Cup,0,,,,,2022-02-05,,0,,N,QPR,0,,,,,0,,,45,,L 0–2,0,,,,Away,0,Fourth round proper,P'borough Utd,0
0,,,0,,Wed,,Championship,0,,,,,2022-02-09,,0,,N,QPR,0,,,,,0,,,31,,D 2–2,0,,,,Home,0,Matchweek 31,Middlesbrough,1
0,,,0,,Sat,,Championship,0,,,,DM,2022-02-12,,0,,Y,QPR,0,,,,,0,,,61,,L 0–1,0,,,,Away,0,Matchweek 32,Barnsley,0
,,,,,Tue,,Championship,,,,,,2022-02-15,,,,N,QPR,,,,,,,,,,,L 0–2,,"On matchday squad, but did not play",,,Away,,Matchweek 30,Millwall,
0,,,0,,Sat,,Championship,0,,,,DM,2022-02-19,,1,,Y,QPR,1,,,,,0,,,90,,D 1–1,0,,,,Home,0,Matchweek 33,Hull City,0
0,,,0,,Wed,,Championship,0,,,,DM,2022-02-23,,0,,Y,QPR,0,,,,,0,,,90,,W 2–1,0,,,,Home,0,Matchweek 34,Blackpool,0
0,,,0,,Sat,,Championship,0,,,,DM,2022-02-26,,0,,Y,QPR,1,,,,,0,,,90,,L 0–1,0,,,,Away,0,Matchweek 35,Blackburn,0
0,,,0,,Sat,,Championship,0,,,,DM,2022-03-05,,0,,Y,QPR,0,,,,,0,,,90,,L 1–2,0,,,,Home,0,Matchweek 36,Cardiff City,1
0,,,0,,Sun,,Championship,0,,,,DM,2022-03-13,,0,,Y,QPR,1,,,,,0,,,73,,W 2–1,0,,,,Away,0,Matchweek 37,Luton Town,0
0,,,0,,Wed,,Championship,0,,,,,2022-03-16,,0,,N,QPR,0,,,,,0,,,29,,L 1–3,0,,,,Away,0,Matchweek 38,Nott'ham Forest,0
0,,,0,,Sun,,Championship,0,,,,,2022-03-20,,0,,N,QPR,1,,,,,0,,,34,,L 1–3,0,,,,Home,0,Matchweek 39,P'borough Utd,0
0,,,0,,Sat,,Friendlies (M),0,,,,CM,2022-03-26,,,,Y,Republic of Ireland,,,,,,0,,,75,,D 2–2,0,,,,Home,0,Friendlies (M),Belgium,
0,,,0,,Tue,,Friendlies (M),0,,,,,2022-03-29,,,,N,Republic of Ireland,,,,,,0,,,9,,W 1–0,0,,,,Home,0,Friendlies (M),Lithuania,
,,,,,Sat,,Championship,,,,,,2022-04-02,,,,N,QPR,,,,,,,,,,,L 0–2,,"On matchday squad, but did not play",,,Home,,Matchweek 40,Fulham,
0,,,0,,Tue,,Championship,0,,,,DM,2022-04-05,,0,,Y,QPR,1,,,,,1,,,67,,L 0–1,0,,,,Away,0,Matchweek 22,Sheffield Utd,0
,,,,,Sat,,Championship,,,,,,2022-04-23,,,,N,QPR,,,,,,,,,,,L 0–1,,"On matchday squad, but did not play",,,Away,,Matchweek 44,Stoke City,
,,,,,Fri,,Championship,,,,,,2022-04-29,,,,N,QPR,,,,,,,,,,,L 1–3,,"On matchday squad, but did not play",,,Home,,Matchweek 45,Sheffield Utd,
0,,,0,,Sat,,UEFA Nations League,0,,,,CM,2022-06-04,,0,,Y,Republic of Ireland,0,,,,,1,,,90,,L 0–1,0,,,,Away,0,League B,Armenia,
0,,,0,,Wed,,UEFA Nations League,0,,,,CM,2022-06-08,,0,,Y,Republic of Ireland,0,,,,,0,,,90,,L 0–1,0,,,,Home,0,League B,Ukraine,
0,,,0,,Sat,,UEFA Nations League,0,,,,,2022-06-11,,0,,N,Republic of Ireland,0,,,,,0,,,7,,W 3–0,0,,,,Home,0,League B,Scotland,
0,,,0,,Tue,,UEFA Nations League,0,,,,,2022-06-14,,0,,N,Republic of Ireland,0,,,,,0,,,24,,D 1–1,0,,,,Away,0,League B,Ukraine,
