assists,bonus,bps,clean_sheets,creativity,element_code,end_cost,expected_assists,expected_goal_involvements,expected_goals,expected_goals_conceded,goals_conceded,goals_scored,ict_index,influence,minutes,own_goals,penalties_missed,penalties_saved,red_cards,saves,season_name,start_cost,starts,threat,total_points,yellow_cards
0,0,25,0,0.0,78916,40,0.00,0.00,0.00,0.00,18,0,0.0,0.0,607,0,0,0,0,0,2013/14,40,0,0.0,8,0
0,0,0,0,0.0,78916,45,0.00,0.00,0.00,0.00,0,0,0.0,0.0,0,0,0,0,0,0,2018/19,45,0,0.0,0,0
0,3,480,9,311.9,78916,45,0.00,0.00,0.00,0.00,42,0,104.2,602.8,2879,0,0,0,0,0,2019/20,45,0,128.0,86,5
0,1,330,6,183.1,78916,42,0.00,0.00,0.00,0.00,28,1,78.2,389.0,2057,1,0,0,0,0,2020/21,45,0,214.0,64,5
1,6,454,9,83.8,78916,44,0.00,0.00,0.00,0.00,30,1,94.0,594.0,2461,0,0,0,0,0,2021/22,45,0,264.0,92,8
