assists,bonus,bps,clean_sheets,creativity,element_code,end_cost,goals_conceded,goals_scored,ict_index,influence,minutes,own_goals,penalties_missed,penalties_saved,red_cards,saves,season_name,start_cost,threat,total_points,yellow_cards
0,5,458,9,0.0,40669,49,32,0,0.0,0.0,2326,0,0,0,0,0,2015/16,50,0.0,76,5
0,2,322,4,82.4,40669,47,31,0,51.6,384.4,1755,0,0,0,0,0,2016/17,50,51.0,45,2
0,4,520,7,81.4,40669,42,60,1,91.4,687.8,2880,0,0,0,0,0,2017/18,45,145.0,77,3
1,2,314,2,54.2,40669,42,36,1,68.5,462.4,1871,0,0,0,0,0,2018/19,45,168.0,48,2
