assists,bonus,bps,clean_sheets,creativity,element,fixture,goals_conceded,goals_scored,ict_index,influence,kickoff_time,minutes,opponent_team,own_goals,penalties_missed,penalties_saved,red_cards,round,saves,selected,team_a_score,team_h_score,threat,total_points,transfers_balance,transfers_in,transfers_out,value,was_home,yellow_cards
0,0,0,0,0.0,702,340,0,0,0.0,0.0,2021-05-09T13:05:00Z,0,2,0,0,0,0,35,0,0,3,1,0.0,0,0,0,0,45,False,0
0,0,3,0,1.5,702,352,1,0,0.5,3.8,2021-05-11T17:00:00Z,65,9,0,0,0,0,35,0,0,2,1,0.0,2,0,0,0,45,True,0
0,0,0,0,0.0,702,334,0,0,0.0,0.0,2021-05-13T19:15:00Z,0,11,0,0,0,0,35,0,0,4,2,0.0,0,0,0,0,45,True,0
0,0,0,0,0.0,702,364,0,0,0.0,0.0,2021-05-18T17:00:00Z,0,8,0,0,0,0,37,0,40,1,1,0.0,0,20,24,4,45,True,0
0,2,29,0,18.2,702,378,1,1,9.5,47.8,2021-05-23T15:00:00Z,90,20,0,0,0,0,38,0,285,2,1,29.0,9,225,249,24,45,False,0
