assists,bonus,bps,clean_sheets,creativity,element_code,end_cost,goals_conceded,goals_scored,ict_index,influence,minutes,own_goals,penalties_missed,penalties_saved,red_cards,saves,season_name,start_cost,threat,total_points,yellow_cards
0,0,33,1,15.5,219352,50,2,1,26.1,55.8,289,0,0,0,0,0,2016/17,55,193.0,16,0
1,0,30,0,20.5,219352,51,6,0,7.5,12.0,153,0,0,0,0,0,2017/18,55,43.0,10,0
3,0,110,1,172.1,219352,49,8,0,51.6,131.4,600,0,0,0,0,0,2018/19,55,211.0,34,0
0,0,0,0,0.0,219352,50,0,0,0.0,0.0,0,0,0,0,0,0,2019/20,50,0.0,0,0
4,8,367,10,884.6,219352,47,33,4,232.7,514.2,2746,0,1,0,0,0,2020/21,50,928.0,107,5
