assists,bonus,bps,clean_sheets,creativity,ea_index,element_code,end_cost,goals_conceded,goals_scored,ict_index,id,influence,minutes,own_goals,penalties_missed,penalties_saved,red_cards,saves,season,season_name,start_cost,threat,total_points,yellow_cards
3,11,438,7,0.0,362,58877,49,27,2,0.0,5927,0.0,2170,0,0,0,0,0,9,2014/15,55,0.0,82,4
1,4,651,15,0.0,477,58877,52,35,1,0.0,6499,0.0,3114,0,0,0,0,0,10,2015/16,55,0.0,95,2
2,14,525,9,426.6,0,58877,52,17,1,108.2,6976,534.0,1830,0,0,0,0,0,11,2016/17,55,122.0,98,2
0,1,119,4,93.0,0,58877,51,0,0,17.3,7659,65.8,360,0,0,0,0,0,12,2017/18,55,15.0,28,0
