assists,bonus,bps,clean_sheets,creativity,element_code,end_cost,goals_conceded,goals_scored,ict_index,influence,minutes,own_goals,penalties_missed,penalties_saved,red_cards,saves,season_name,start_cost,threat,total_points,yellow_cards
0,0,0,0,0.0,50093,39,0,0,0.0,0.0,0,0,0,0,0,0,2009/10,40,0.0,0,0
0,2,76,1,0.0,50093,40,5,0,8.9,89.2,360,0,0,0,0,14,2018/19,40,0.0,15,0
0,0,0,0,0.0,50093,39,0,0,0.0,0.0,0,0,0,0,0,0,2019/20,40,0.0,0,0
0,0,18,0,0.0,50093,39,2,0,2.3,23.4,90,0,0,0,0,4,2020/21,40,0.0,2,0
