assists,bonus,bps,clean_sheets,creativity,element_code,end_cost,goals_conceded,goals_scored,ict_index,influence,minutes,own_goals,penalties_missed,penalties_saved,red_cards,saves,season_name,start_cost,threat,total_points,yellow_cards
2,0,68,0,0.0,172632,43,3,0,0.0,0.0,187,0,0,0,0,0,2015/16,50,0.0,18,0
4,0,210,4,268.8,172632,48,20,1,72.2,220.4,1049,0,0,0,0,0,2016/17,50,233.0,58,2
3,2,308,4,412.8,172632,53,35,3,116.7,290.6,1683,0,0,0,0,0,2017/18,55,461.0,80,2
1,3,244,6,310.2,172632,54,29,4,122.5,320.2,1978,0,0,0,0,0,2018/19,55,599.0,84,2
