assists,bonus,bps,clean_sheets,creativity,element_code,end_cost,goals_conceded,goals_scored,ict_index,influence,minutes,own_goals,penalties_missed,penalties_saved,red_cards,saves,season_name,start_cost,threat,total_points,yellow_cards
3,8,137,7,0.0,39487,48,46,1,0.0,0.0,2900,0,0,0,0,0,2013/14,50,0.0,101,5
2,8,473,7,0.0,39487,46,30,0,0.0,0.0,2562,0,0,0,0,0,2014/15,50,0.0,84,8
1,7,636,10,0.0,39487,48,45,0,0.0,0.0,3096,0,0,0,0,0,2015/16,50,0.0,93,10
2,9,614,10,353.8,39487,46,50,0,107.1,583.2,3151,0,0,0,0,0,2016/17,45,130.0,103,5
1,1,456,7,247.2,39487,47,50,0,87.3,567.4,2717,0,0,0,0,0,2017/18,50,58.0,71,5
