assists,attempted_passes,big_chances_created,big_chances_missed,bonus,bps,clean_sheets,clearances_blocks_interceptions,completed_passes,creativity,dribbles,ea_index,element,errors_leading_to_goal,errors_leading_to_goal_attempt,fixture,fouls,goals_conceded,goals_scored,ict_index,id,influence,key_passes,kickoff_time,kickoff_time_formatted,loaned_in,loaned_out,minutes,offside,open_play_crosses,opponent_team,own_goals,penalties_conceded,penalties_missed,penalties_saved,recoveries,red_cards,round,saves,selected,tackled,tackles,target_missed,team_a_score,team_h_score,threat,total_points,transfers_balance,transfers_in,transfers_out,value,was_home,winning_goals,yellow_cards
0,0,0,0,0,0,0,0,0,0.0,0,0,639,0,0,325,0,0,0,0.0,18871,0.0,0,2018-04-07T11:30:00Z,07 Apr 12:30,0,0,0,0,0,7,0,0,0,0,0,0,33,0,0,0,0,0,0,0,0.0,0,0,0,0,40,False,0,0
0,0,0,0,0,0,0,0,0,0.0,0,0,639,0,0,334,0,0,0,0.0,19744,0.0,0,2018-04-14T16:30:00Z,14 Apr 17:30,0,0,0,0,0,2,0,0,0,0,0,0,34,0,264,0,0,0,0,3,0.0,0,126,172,46,40,True,0,0
0,0,0,0,0,0,0,0,0,0.0,0,0,639,0,0,350,0,0,0,0.0,20155,0.0,0,2018-04-21T11:30:00Z,21 Apr 12:30,0,0,0,0,0,19,0,0,0,0,0,0,35,0,271,0,0,0,2,2,0.0,0,37,75,38,40,False,0,0
0,0,0,0,0,0,0,0,0,0.0,0,0,639,0,0,354,0,0,0,0.0,20796,0.0,0,2018-04-28T11:30:00Z,28 Apr 12:30,0,0,0,0,0,15,0,0,0,0,0,0,36,0,314,0,0,0,0,0,0.0,0,34,79,45,40,True,0,0
0,0,0,0,0,0,0,0,0,0.0,0,0,639,0,0,364,0,0,0,0.0,21811,0.0,0,2018-05-06T15:30:00Z,06 May 16:30,0,0,0,0,0,5,0,0,0,0,0,0,37,0,396,0,0,0,0,1,0.0,0,45,90,45,40,False,0,0
0,0,0,0,0,0,0,0,0,0.0,0,0,639,0,0,374,0,0,0,0.0,22460,0.0,0,2018-05-13T14:00:00Z,13 May 15:00,0,0,0,0,0,3,0,0,0,0,0,0,38,0,509,0,0,0,0,4,0.0,0,80,161,81,40,True,0,0
