assists,bonus,bps,clean_sheets,creativity,element_code,end_cost,goals_conceded,goals_scored,ict_index,influence,minutes,own_goals,penalties_missed,penalties_saved,red_cards,saves,season_name,start_cost,threat,total_points,yellow_cards
0,0,0,0,0.0,206915,45,0,0,0.0,0.0,0,0,0,0,0,0,2017/18,45,0.0,0,0
0,0,0,0,0.0,206915,45,0,0,0.0,0.0,0,0,0,0,0,0,2018/19,45,0.0,0,0
0,0,46,1,15.6,206915,45,1,1,12.9,49.4,121,0,0,0,0,0,2019/20,45,65.0,13,0
2,0,226,5,233.4,206915,44,14,1,74.8,224.6,1169,0,0,0,0,0,2020/21,45,289.0,50,2
