assists,bonus,bps,clean_sheets,creativity,element_code,end_cost,goals_conceded,goals_scored,ict_index,influence,minutes,own_goals,penalties_missed,penalties_saved,red_cards,saves,season_name,start_cost,threat,total_points,yellow_cards
5,20,757,7,0.0,41320,48,63,3,0.0,0.0,3285,0,0,0,0,0,2015/16,45,0.0,130,2
3,14,692,10,528.3,41320,52,53,4,152.9,698.2,3060,0,0,0,0,0,2016/17,50,302.0,134,1
3,4,587,6,479.7,41320,47,50,1,125.9,582.2,3001,0,0,0,0,0,2017/18,50,196.0,94,0
0,1,278,4,215.4,41320,41,34,1,66.2,289.8,1583,0,0,0,0,0,2018/19,45,156.0,44,4
