assists,bonus,bps,clean_sheets,creativity,element_code,end_cost,expected_assists,expected_goal_involvements,expected_goals,expected_goals_conceded,goals_conceded,goals_scored,ict_index,influence,minutes,own_goals,penalties_missed,penalties_saved,red_cards,saves,season_name,start_cost,starts,threat,total_points,yellow_cards
4,10,301,4,0.0,128389,61,0.00,0.00,0.00,0.00,43,9,0.0,0.0,2117,0,0,0,2,0,2015/16,65,0,0.0,103,4
0,0,37,0,44.7,128389,47,0.00,0.00,0.00,0.00,0,1,16.6,48.2,89,0,0,0,0,0,2017/18,50,0,73.0,10,0
4,12,350,5,499.5,128389,63,0.00,0.00,0.00,0.00,78,11,273.4,638.8,3280,0,0,0,0,0,2018/19,65,0,1593.0,134,7
3,7,178,1,323.8,128389,55,0.00,0.00,0.00,0.00,24,3,124.9,245.6,1389,0,1,0,0,0,2020/21,60,0,697.0,63,3
