assists,bonus,bps,clean_sheets,creativity,element_code,end_cost,expected_assists,expected_goal_involvements,expected_goals,expected_goals_conceded,goals_conceded,goals_scored,ict_index,influence,minutes,own_goals,penalties_missed,penalties_saved,red_cards,saves,season_name,start_cost,starts,threat,total_points,yellow_cards
0,0,38,1,0.0,83543,50,0.00,0.00,0.00,0.00,4,0,0.0,0.0,335,0,0,0,0,0,2014/15,55,0,0.0,13,0
0,0,0,0,0.0,83543,45,0.00,0.00,0.00,0.00,0,0,0.0,0.0,0,0,0,0,0,0,2015/16,45,0,0.0,0,0
1,6,383,11,557.2,83543,55,0.00,0.00,0.00,0.00,29,3,149.1,404.0,2415,0,0,0,1,0,2017/18,60,0,530.0,88,4
6,2,293,3,580.8,83543,52,0.00,0.00,0.00,0.00,41,2,131.4,389.6,1828,0,0,0,1,0,2018/19,55,0,345.0,74,4
0,0,0,0,0.0,83543,53,0.00,0.00,0.00,0.00,0,0,0.0,0.0,0,0,0,0,0,0,2019/20,55,0,0.0,0,0
0,0,0,0,0.0,83543,50,0.00,0.00,0.00,0.00,0,0,0.0,0.0,0,0,0,0,0,0,2020/21,55,0,0.0,0,0
