assists,bonus,bps,clean_sheets,creativity,element_code,end_cost,goals_conceded,goals_scored,ict_index,influence,minutes,own_goals,penalties_missed,penalties_saved,red_cards,saves,season_name,start_cost,threat,total_points,yellow_cards
0,0,0,0,0.0,40386,40,6,1,0.0,0.0,471,0,0,0,0,0,2008/09,40,0.0,20,0
1,0,0,0,0.0,40386,38,3,0,0.0,0.0,241,0,0,0,0,0,2009/10,40,0.0,12,0
0,0,0,0,0.0,40386,38,3,0,0.0,0.0,121,0,0,0,0,0,2010/11,40,0.0,1,1
1,6,639,13,212.1,40386,46,37,0,102.7,707.6,3242,0,0,0,0,0,2019/20,45,103.0,123,4
1,2,408,2,202.3,40386,46,51,0,87.6,513.6,2576,0,0,0,0,0,2020/21,50,160.0,51,5
