assists,bonus,bps,clean_sheets,creativity,element,fixture,goals_conceded,goals_scored,ict_index,influence,kickoff_time,minutes,opponent_team,own_goals,penalties_missed,penalties_saved,red_cards,round,saves,selected,team_a_score,team_h_score,threat,total_points,transfers_balance,transfers_in,transfers_out,value,was_home,yellow_cards
0,0,0,0,0.0,649,319,0,0,0.0,0.0,2020-06-28T15:30:00Z,0,18,0,0,0,0,41,0,0,3,1,0.0,0,0,0,0,45,False,0
0,0,0,0,0.0,649,328,0,0,0.0,0.0,2020-07-05T18:00:00Z,0,11,0,0,0,0,42,0,17,0,1,0.0,0,8,10,2,45,True,0
0,0,0,0,0.0,649,336,0,0,0.0,0.0,2020-07-09T17:00:00Z,0,8,0,0,0,0,43,0,31,1,1,0.0,0,4,8,4,45,False,0
0,0,0,0,0.0,649,345,0,0,0.0,0.0,2020-07-13T19:00:00Z,0,12,0,0,0,0,44,0,39,2,2,0.0,0,0,2,2,45,False,0
0,0,0,0,0.0,649,359,0,0,0.0,0.0,2020-07-16T19:15:00Z,0,4,0,0,0,0,45,0,52,1,1,0.0,0,5,8,3,45,True,0
0,0,0,0,0.0,649,362,0,0,0.0,0.0,2020-07-19T13:00:00Z,0,3,0,0,0,0,46,0,56,2,0,0.0,0,0,4,4,45,False,0
0,0,0,0,0.0,649,379,0,0,0.0,0.0,2020-07-26T15:00:00Z,0,15,0,0,0,0,47,0,73,1,3,0.0,0,6,13,7,45,True,0
