assists,bonus,bps,clean_sheets,creativity,ea_index,element_code,end_cost,goals_conceded,goals_scored,ict_index,id,influence,minutes,own_goals,penalties_missed,penalties_saved,red_cards,saves,season,season_name,start_cost,threat,total_points,yellow_cards
0,0,2,0,0.0,2,156689,50,0,0,0.0,5935,0.0,14,0,0,0,0,0,9,2014/15,50,0.0,1,0
0,0,16,0,0.0,12,156689,45,2,0,0.0,6500,0.0,84,0,0,0,0,0,10,2015/16,50,0.0,3,2
0,0,0,0,0.0,0,156689,44,0,0,0.0,7220,0.0,0,0,0,0,0,0,11,2016/17,45,0.0,0,0
0,0,0,0,0.0,0,156689,49,0,0,0.0,7984,0.0,0,0,0,0,0,0,12,2017/18,50,0.0,0,0
