assists,bonus,bps,clean_sheets,creativity,ea_index,element_code,end_cost,goals_conceded,goals_scored,ict_index,id,influence,minutes,own_goals,penalties_missed,penalties_saved,red_cards,saves,season,season_name,start_cost,threat,total_points,yellow_cards
9,20,162,6,0.0,541,80607,72,28,7,0.0,5205,0.0,1976,0,0,0,0,0,8,2013/14,80,0.0,132,3
4,25,689,9,0.0,641,80607,79,49,10,0.0,5848,0.0,3132,0,0,0,0,0,9,2014/15,80,0.0,162,4
16,23,770,11,0.0,738,80607,87,32,6,0.0,6536,0.0,2936,0,0,0,0,0,10,2015/16,85,0.0,178,2
20,30,798,16,1679.2,0,80607,89,24,8,389.7,7275,974.6,3159,0,0,0,0,0,11,2016/17,85,1244.0,218,0
10,23,826,17,1487.0,0,80607,97,33,11,358.2,7945,1072.6,3218,0,0,0,0,0,12,2017/18,95,1021.0,199,0
