assists,bonus,bps,clean_sheets,creativity,element_code,end_cost,goals_conceded,goals_scored,ict_index,influence,minutes,own_goals,penalties_missed,penalties_saved,red_cards,saves,season_name,start_cost,threat,total_points,yellow_cards
1,14,682,11,55.7,83312,49,53,1,112.2,818.4,3420,0,0,0,0,0,2016/17,45,248.0,121,4
0,0,17,0,0.4,83312,48,3,1,7.6,42.4,62,0,0,0,0,0,2018/19,50,33.0,6,1
0,0,0,0,0.0,83312,39,0,0,0.0,0.0,0,0,0,0,0,0,2019/20,40,0.0,0,0
0,0,0,0,0.0,83312,39,0,0,0.0,0.0,0,0,0,0,0,0,2020/21,40,0.0,0,0
