assists,bonus,bps,clean_sheets,creativity,ea_index,element_code,end_cost,goals_conceded,goals_scored,ict_index,id,influence,minutes,own_goals,penalties_missed,penalties_saved,red_cards,saves,season,season_name,start_cost,threat,total_points,yellow_cards
0,0,0,0,0.0,3,54469,40,0,0,0.0,3586,0.0,15,0,0,0,0,0,6,2011/12,40,0.0,1,0
0,0,0,0,0.0,0,54469,38,0,0,0.0,4200,0.0,0,0,0,0,0,0,7,2012/13,40,0.0,0,0
0,11,495,6,0.0,297,54469,40,35,2,0.0,6190,0.0,2100,0,0,0,0,0,10,2015/16,40,0.0,84,5
5,12,645,8,509.8,0,54469,46,61,1,132.1,6903,566.6,3101,1,0,0,0,0,11,2016/17,45,242.0,104,6
3,3,376,2,345.5,0,54469,48,38,1,94.5,7582,455.0,2067,0,0,0,0,0,12,2017/18,50,144.0,56,6
