assists,bonus,bps,clean_sheets,creativity,element,expected_assists,expected_goal_involvements,expected_goals,expected_goals_conceded,fixture,goals_conceded,goals_scored,ict_index,influence,kickoff_time,minutes,opponent_team,own_goals,penalties_missed,penalties_saved,red_cards,round,saves,selected,starts,team_a_score,team_h_score,threat,total_points,transfers_balance,transfers_in,transfers_out,value,was_home,yellow_cards
0,0,0,0,0.0,743,0.00,0.00,0.00,0.00,225,0,0,0.0,0.0,2023-02-12T14:00:00Z,0,14,0,0,0,0,23,0,0,0,2,0,0.0,0,0,0,0,40,True,0
0,0,0,0,0.0,743,0.00,0.00,0.00,0.00,235,0,0,0.0,0.0,2023-02-18T15:00:00Z,0,8,0,0,0,0,24,0,147,0,0,1,0.0,0,65,74,9,40,False,0
0,0,0,0,0.0,743,0.00,0.00,0.00,0.00,245,0,0,0.0,0.0,2023-02-25T15:00:00Z,0,17,0,0,0,0,25,0,544,0,0,1,0.0,0,134,193,59,40,True,0
0,0,0,0,0.0,743,0.00,0.00,0.00,0.00,255,0,0,0.0,0.0,2023-03-04T15:00:00Z,0,6,0,0,0,0,26,0,493,0,0,1,0.0,0,-3,70,73,40,False,0
0,0,0,0,0.0,743,0.00,0.00,0.00,0.00,265,0,0,0.0,0.0,2023-03-11T15:00:00Z,0,5,0,0,0,0,27,0,706,0,2,2,0.0,0,84,136,52,40,True,0
