assists,bonus,bps,clean_sheets,creativity,element_code,end_cost,goals_conceded,goals_scored,ict_index,influence,minutes,own_goals,penalties_missed,penalties_saved,red_cards,saves,season_name,start_cost,threat,total_points,yellow_cards
0,0,0,0,0.0,19194,50,0,0,0.0,0.0,0,0,0,0,0,0,2006/07,50,0.0,0,0
0,0,0,0,0.0,19194,50,0,0,0.0,0.0,0,0,0,0,0,0,2007/08,50,0.0,0,0
0,2,86,2,0.0,19194,39,6,0,11.2,112.0,435,0,0,0,0,15,2019/20,40,0.0,20,1
0,0,0,0,0.0,19194,39,0,0,0.0,0.0,0,0,0,0,0,0,2020/21,40,0.0,0,0
