assists,bonus,bps,clean_sheets,creativity,element_code,end_cost,goals_conceded,goals_scored,ict_index,influence,minutes,own_goals,penalties_missed,penalties_saved,red_cards,saves,season_name,start_cost,threat,total_points,yellow_cards
3,2,550,10,272.5,40845,45,50,0,107.7,625.8,3240,0,0,0,0,0,2017/18,45,176.0,87,6
1,4,404,5,249.3,40845,43,46,1,83.6,498.2,2484,0,0,0,1,0,2018/19,45,88.0,65,6
1,1,406,6,292.8,40845,44,42,0,82.2,438.6,2525,0,0,0,0,0,2019/20,45,90.0,63,8
0,0,33,0,8.3,40845,42,4,0,8.0,31.0,257,0,0,0,0,0,2020/21,45,41.0,8,1
