assists,bonus,bps,clean_sheets,creativity,element_code,end_cost,goals_conceded,goals_scored,ict_index,influence,minutes,own_goals,penalties_missed,penalties_saved,red_cards,saves,season_name,start_cost,threat,total_points,yellow_cards
0,0,0,0,0.0,172850,40,0,0,0.0,0.0,0,0,0,0,0,0,2015/16,40,0.0,0,0
0,0,136,1,48.4,172850,43,18,1,27.2,137.0,699,0,0,0,0,0,2016/17,45,88.0,19,2
2,4,381,6,332.1,172850,44,30,0,78.0,382.8,1848,0,0,0,1,0,2017/18,45,63.0,65,1
5,8,578,10,674.6,172850,50,43,0,170.0,721.0,3240,0,0,0,0,0,2018/19,50,298.0,118,4
