assists,bonus,bps,clean_sheets,creativity,ea_index,element_code,end_cost,goals_conceded,goals_scored,ict_index,id,influence,minutes,own_goals,penalties_missed,penalties_saved,red_cards,saves,season,season_name,start_cost,threat,total_points,yellow_cards
0,0,37,3,0.0,122,38439,58,11,1,0.0,5199,0.0,685,0,0,0,0,0,8,2013/14,60,0.0,25,1
0,0,142,3,0.0,118,38439,48,15,0,0.0,5846,0.0,897,0,0,0,0,0,9,2014/15,50,0.0,23,2
1,2,395,10,0.0,347,38439,48,35,0,0.0,6534,0.0,2814,0,0,0,0,0,10,2015/16,50,0.0,72,7
2,14,544,7,696.8,0,38439,45,60,7,178.7,7285,577.6,3204,0,0,0,0,0,11,2016/17,45,513.0,131,5
1,0,262,4,165.9,0,38439,48,29,1,59.7,7953,280.2,1537,0,0,0,0,0,12,2017/18,55,150.0,48,3
