assists,bonus,bps,clean_sheets,creativity,ea_index,element_code,end_cost,goals_conceded,goals_scored,ict_index,id,influence,minutes,own_goals,penalties_missed,penalties_saved,red_cards,saves,season,season_name,start_cost,threat,total_points,yellow_cards
0,7,457,10,0.0,290,100059,51,33,2,0.0,5644,0.0,2254,0,0,0,0,0,9,2014/15,55,0.0,94,6
4,12,565,7,0.0,394,100059,48,36,1,0.0,6233,0.0,2547,0,0,0,0,0,10,2015/16,50,0.0,104,3
1,1,79,0,78.3,0,100059,44,7,0,17.5,6951,64.6,305,0,0,0,0,0,11,2016/17,50,32.0,15,1
1,3,328,6,250.1,0,100059,43,19,0,61.7,7640,261.8,1264,0,0,0,0,0,12,2017/18,45,106.0,52,1
