assists,bonus,bps,clean_sheets,creativity,element_code,end_cost,goals_conceded,goals_scored,ict_index,influence,minutes,own_goals,penalties_missed,penalties_saved,red_cards,saves,season_name,start_cost,threat,total_points,yellow_cards
0,0,0,0,0.0,155503,40,0,0,0.0,0.0,0,0,0,0,0,0,2014/15,40,0.0,0,0
0,0,0,0,0.0,155503,40,0,0,0.0,0.0,0,0,0,0,0,0,2015/16,40,0.0,0,0
0,0,0,0,0.0,155503,40,0,0,0.0,0.0,0,0,0,0,0,0,2017/18,40,0.0,0,0
0,0,0,0,0.0,155503,40,0,0,0.0,0.0,0,0,0,0,0,0,2018/19,40,0.0,0,0
