assists,bonus,bps,clean_sheets,creativity,element_code,end_cost,goals_conceded,goals_scored,ict_index,influence,minutes,own_goals,penalties_missed,penalties_saved,red_cards,saves,season_name,start_cost,threat,total_points,yellow_cards
5,8,440,9,508.7,165809,72,10,6,144.4,475.6,1514,0,0,0,0,0,2017/18,80,464.0,112,0
8,17,649,15,1026.3,165809,78,22,7,289.6,796.4,2849,0,0,0,0,0,2018/19,75,1069.0,154,3
7,7,526,9,773.2,165809,76,24,6,232.5,626.2,2021,0,0,0,0,0,2019/20,80,927.0,116,5
7,9,413,11,476.2,165809,74,18,2,134.1,399.6,2063,0,0,0,0,0,2020/21,75,463.0,94,5
