assists,bonus,bps,clean_sheets,creativity,element_code,end_cost,goals_conceded,goals_scored,ict_index,influence,minutes,own_goals,penalties_missed,penalties_saved,red_cards,saves,season_name,start_cost,threat,total_points,yellow_cards
0,9,192,4,226.4,66838,67,13,5,75.6,232.4,984,0,0,0,0,0,2017/18,75,304.0,55,0
3,3,166,1,172.2,66838,64,17,3,92.8,212.6,1044,0,0,0,0,0,2018/19,70,546.0,56,3
0,1,86,2,63.4,66838,57,6,2,37.7,89.0,462,0,0,0,0,0,2019/20,60,229.0,24,0
0,0,12,0,11.6,66838,60,3,0,1.8,2.2,44,0,0,0,0,0,2020/21,60,4.0,4,1
