assists,bonus,bps,clean_sheets,creativity,ea_index,element_code,end_cost,goals_conceded,goals_scored,ict_index,id,influence,minutes,own_goals,penalties_missed,penalties_saved,red_cards,saves,season,season_name,start_cost,threat,total_points,yellow_cards
0,0,4,0,0.0,0,151119,43,0,0,0.0,5664,0.0,12,0,0,0,0,0,9,2014/15,45,0.0,1,0
3,2,353,6,0.0,227,151119,44,26,0,0.0,6282,0.0,1811,0,0,0,0,0,10,2015/16,45,0.0,68,2
0,0,0,0,0.0,0,151119,44,0,0,0.0,7023,0.0,0,0,0,0,0,0,11,2016/17,45,0.0,0,0
2,5,467,7,340.7,0,151119,45,37,0,90.0,7663,494.4,2842,1,0,0,0,0,12,2017/18,45,63.0,88,5
