assists,bonus,bps,clean_sheets,creativity,element_code,end_cost,goals_conceded,goals_scored,ict_index,influence,minutes,own_goals,penalties_missed,penalties_saved,red_cards,saves,season_name,start_cost,threat,total_points,yellow_cards
4,13,593,9,0.0,55459,56,47,2,0.0,0.0,3420,0,0,0,0,0,2014/15,55,0.0,129,5
4,12,655,11,0.0,55459,58,50,2,0.0,0.0,3314,0,0,0,0,0,2015/16,55,0.0,133,1
2,1,334,5,284.7,55459,51,35,0,71.2,307.6,2115,0,0,0,1,0,2016/17,55,121.0,60,2
7,10,613,10,562.7,55459,49,60,1,145.0,690.2,3069,0,0,0,0,0,2017/18,50,193.0,118,7
1,0,257,1,290.9,55459,50,26,0,72.3,318.2,1588,0,0,0,0,0,2018/19,55,113.0,34,1
