assists,bonus,bps,clean_sheets,creativity,element_code,end_cost,goals_conceded,goals_scored,ict_index,influence,minutes,own_goals,penalties_missed,penalties_saved,red_cards,saves,season_name,start_cost,threat,total_points,yellow_cards
1,5,270,3,0.0,13152,42,17,2,0.0,0.0,1376,0,0,0,0,0,2014/15,45,0.0,57,1
2,6,235,0,0.0,13152,41,17,2,0.0,0.0,1062,0,0,0,0,0,2015/16,45,0.0,54,2
0,1,217,1,122.7,13152,47,26,1,54.9,258.4,1446,0,0,0,0,0,2016/17,50,167.0,41,4
1,1,225,1,116.9,13152,42,26,3,56.2,239.8,1247,0,0,0,0,0,2017/18,45,204.0,51,2
