assists,bonus,bps,clean_sheets,creativity,element,expected_assists,expected_goal_involvements,expected_goals,expected_goals_conceded,fixture,goals_conceded,goals_scored,ict_index,influence,kickoff_time,minutes,opponent_team,own_goals,penalties_missed,penalties_saved,red_cards,round,saves,selected,starts,team_a_score,team_h_score,threat,total_points,transfers_balance,transfers_in,transfers_out,value,was_home,yellow_cards
0,0,16,1,19.4,723,0.14,0.14,0.00,2.22,213,0,0,3.4,12.4,2023-02-04T15:00:00Z,60,5,0,0,0,0,22,0,143,1,0,1,2.0,3,132,142,10,45,False,0
0,0,12,0,54.5,723,0.35,0.38,0.04,1.27,222,1,0,7.3,13.8,2023-02-11T17:30:00Z,90,15,0,0,0,0,23,0,364,1,1,1,5.0,2,191,224,33,45,True,0
0,0,13,1,23.0,723,0.23,0.27,0.04,1.14,240,0,0,3.7,10.4,2023-02-18T15:00:00Z,80,20,0,0,0,0,24,0,587,1,1,0,4.0,3,180,250,70,45,False,0
0,0,10,0,63.3,723,0.17,0.30,0.13,2.16,241,4,0,9.6,21.8,2023-02-25T17:30:00Z,75,13,0,0,0,0,25,0,1537,1,4,1,11.0,2,529,704,175,45,True,0
0,0,0,0,0.0,723,0.00,0.00,0.00,0.00,251,0,0,0.0,0.0,2023-03-04T15:00:00Z,0,1,0,0,0,0,26,0,1415,0,2,3,0.0,0,213,452,239,45,False,0
0,0,0,0,0.0,723,0.00,0.00,0.00,0.00,261,0,0,0.0,0.0,2023-03-11T12:30:00Z,0,12,0,0,0,0,27,0,1058,0,0,1,0.0,0,-350,122,472,45,True,0
