assists,bonus,bps,clean_sheets,creativity,element_code,end_cost,goals_conceded,goals_scored,ict_index,influence,minutes,own_goals,penalties_missed,penalties_saved,red_cards,saves,season_name,start_cost,threat,total_points,yellow_cards
1,0,43,0,0.0,104953,57,5,0,0.0,0.0,113,0,0,0,0,0,2014/15,60,0.0,9,0
0,0,0,0,0.0,104953,50,0,0,0.0,0.0,0,0,0,0,0,0,2015/16,55,0.0,0,0
4,5,236,6,340.6,104953,48,22,2,112.9,308.8,1776,0,0,0,0,0,2017/18,50,480.0,78,1
1,0,175,6,273.0,104953,51,18,1,82.3,218.8,1481,0,0,0,0,0,2018/19,55,331.0,55,2
