assists,bonus,bps,clean_sheets,creativity,element_code,end_cost,expected_assists,expected_goal_involvements,expected_goals,expected_goals_conceded,goals_conceded,goals_scored,ict_index,influence,minutes,own_goals,penalties_missed,penalties_saved,red_cards,saves,season_name,start_cost,starts,threat,total_points,yellow_cards
0,0,4,0,0.0,155511,45,0.00,0.00,0.00,0.00,1,0,0.0,0.0,34,0,0,0,0,0,2013/14,45,0,0.0,4,0
1,0,35,0,0.0,155511,43,0.00,0.00,0.00,0.00,8,0,0.0,0.0,211,0,0,0,0,0,2014/15,45,0,0.0,14,1
0,0,0,0,0.0,155511,43,0.00,0.00,0.00,0.00,0,0,0.0,0.0,0,0,0,0,0,0,2015/16,45,0,0.0,0,0
3,3,150,4,180.2,155511,57,0.00,0.00,0.00,0.00,31,2,92.7,179.2,1409,0,0,0,0,0,2021/22,60,0,575.0,57,1
