assists,bonus,bps,clean_sheets,creativity,element_code,end_cost,goals_conceded,goals_scored,ict_index,influence,minutes,own_goals,penalties_missed,penalties_saved,red_cards,saves,season_name,start_cost,threat,total_points,yellow_cards
0,0,5,0,0.0,171975,45,4,0,0.0,0.0,50,0,0,0,0,0,2013/14,45,0.0,4,0
0,0,0,0,0.0,171975,43,0,0,0.0,0.0,0,0,0,0,0,0,2014/15,45,0.0,0,0
2,1,73,2,72.8,171975,49,6,1,30.4,79.8,669,0,0,0,0,0,2019/20,55,156.0,33,1
3,8,276,3,251.3,171975,52,42,5,86.6,259.0,1552,0,0,0,0,0,2020/21,55,365.0,79,0
