assists,bonus,bps,clean_sheets,creativity,element_code,end_cost,goals_conceded,goals_scored,ict_index,influence,minutes,own_goals,penalties_missed,penalties_saved,red_cards,saves,season_name,start_cost,threat,total_points,yellow_cards
1,8,557,12,83.0,102380,58,22,2,84.8,546.6,2336,0,0,0,0,0,2017/18,60,217.0,115,4
2,9,609,12,143.6,102380,59,35,1,98.5,566.8,2871,0,0,0,0,0,2018/19,60,273.0,116,7
0,5,351,5,93.3,102380,59,24,2,67.7,389.4,1710,1,0,0,0,0,2019/20,60,194.0,63,3
0,9,429,11,83.8,102380,47,10,1,65.4,368.6,1710,1,0,0,0,0,2020/21,50,201.0,93,0
