assists,bonus,bps,clean_sheets,creativity,element_code,end_cost,goals_conceded,goals_scored,ict_index,influence,minutes,own_goals,penalties_missed,penalties_saved,red_cards,saves,season_name,start_cost,threat,total_points,yellow_cards
0,2,204,4,52.8,146941,51,5,0,25.4,165.8,806,0,0,0,0,0,2017/18,55,34.0,35,1
3,16,768,18,239.3,146941,63,21,3,131.2,790.0,3056,0,0,0,0,0,2018/19,55,278.0,177,3
0,0,298,8,62.2,146941,63,5,1,38.7,246.8,1096,0,0,0,0,0,2019/20,65,79.0,63,1
0,4,286,7,78.0,146941,60,10,0,39.6,233.4,1343,0,0,0,0,0,2020/21,60,85.0,58,1
