assists,bonus,bps,clean_sheets,creativity,element_code,end_cost,goals_conceded,goals_scored,ict_index,influence,minutes,own_goals,penalties_missed,penalties_saved,red_cards,saves,season_name,start_cost,threat,total_points,yellow_cards
2,2,156,5,0.0,153133,45,6,2,0.0,0.0,628,0,0,0,0,0,2015/16,45,0.0,42,0
5,8,352,9,467.8,153133,53,20,3,138.7,326.4,1456,0,0,0,0,0,2016/17,60,592.0,89,1
5,2,426,9,592.9,153133,51,26,3,165.6,430.0,1827,0,0,0,0,0,2017/18,55,635.0,89,1
8,3,382,4,596.7,153133,54,32,3,171.1,469.0,1961,0,0,0,0,0,2018/19,55,646.0,99,0
